index,년월,시도명,시군구명,연령대코드,결제상품명,사용빈도
2,2019-04-01,경기도,가평군,20,가평사랑상품권,3
3,2019-04-01,경기도,가평군,30,가평사랑상품권,37
5,2019-04-01,경기도,가평군,40,가평사랑상품권,23
6,2019-04-01,경기도,가평군,50,가평사랑상품권,85
8,2019-04-01,경기도,가평군,60,가평사랑상품권,2
10,2019-04-01,경기도,고양시 덕양구,20,고양페이카드,21
14,2019-04-01,경기도,고양시 덕양구,30,고양페이카드,39
16,2019-04-01,경기도,고양시 덕양구,40,고양페이카드,58
19,2019-04-01,경기도,고양시 덕양구,50,고양페이카드,64
23,2019-04-01,경기도,고양시 일산동구,10,고양페이카드,4
24,2019-04-01,경기도,고양시 일산동구,20,고양페이카드,19
25,2019-04-01,경기도,고양시 일산동구,30,고양페이카드,40
27,2019-04-01,경기도,고양시 일산동구,40,고양페이카드,30
28,2019-04-01,경기도,고양시 일산동구,50,고양페이카드,26
30,2019-04-01,경기도,고양시 일산동구,60,고양페이카드,4
647,2019-05-01,경기도,고양시 일산동구,10,고양페이카드,44
649,2019-05-01,경기도,고양시 일산동구,20,고양페이카드,213
31,2019-04-01,경기도,고양시 일산서구,20,고양페이카드,8
37,2019-04-01,경기도,고양시 일산서구,30,고양페이카드,20
39,2019-04-01,경기도,고양시 일산서구,40,고양페이카드,37
44,2019-04-01,경기도,고양시 일산서구,50,고양페이카드,39
48,2019-04-01,경기도,고양시 일산서구,60,고양페이카드,5
53,2019-04-01,경기도,고양시 일산서구,70,고양페이카드,1
660,2019-05-01,경기도,고양시 일산서구,10,고양페이카드,26
661,2019-05-01,경기도,고양시 일산서구,20,고양페이카드,150
663,2019-05-01,경기도,고양시 일산서구,30,고양페이카드,500
665,2019-05-01,경기도,고양시 일산서구,40,고양페이카드,674
668,2019-05-01,경기도,고양시 일산서구,50,고양페이카드,440
669,2019-05-01,경기도,고양시 일산서구,60,고양페이카드,96
670,2019-05-01,경기도,고양시 일산서구,70,고양페이카드,14
973,2019-06-01,경기도,고양시 일산서구,10,고양페이카드,72
974,2019-06-01,경기도,고양시 일산서구,20,고양페이카드,434
976,2019-06-01,경기도,고양시 일산서구,30,고양페이카드,1075
977,2019-06-01,경기도,고양시 일산서구,40,고양페이카드,1534
978,2019-06-01,경기도,고양시 일산서구,50,고양페이카드,886
979,2019-06-01,경기도,고양시 일산서구,60,고양페이카드,208
980,2019-06-01,경기도,고양시 일산서구,70,고양페이카드,14
54,2019-04-01,경기도,과천시,20,과천화폐 과천토리,15
55,2019-04-01,경기도,과천시,30,과천화폐 과천토리,25
61,2019-04-01,경기도,과천시,40,과천화폐 과천토리,74
65,2019-04-01,경기도,과천시,50,과천화폐 과천토리,36
66,2019-04-01,경기도,과천시,60,과천화폐 과천토리,3
67,2019-04-01,경기도,과천시,70,과천화폐 과천토리,1
671,2019-05-01,경기도,과천시,10,과천화폐 과천토리,3
68,2019-04-01,경기도,광명시,10,광명사랑화폐,21
69,2019-04-01,경기도,광명시,20,광명사랑화폐,233
70,2019-04-01,경기도,광명시,30,광명사랑화폐,503
71,2019-04-01,경기도,광명시,40,광명사랑화폐,1504
72,2019-04-01,경기도,광명시,50,광명사랑화폐,1220
73,2019-04-01,경기도,광명시,60,광명사랑화폐,154
74,2019-04-01,경기도,광명시,70,광명사랑화폐,30
75,2019-04-01,경기도,광명시,80,광명사랑화폐,1
76,2019-04-01,경기도,광주시,10,광주사랑카드,5
80,2019-04-01,경기도,광주시,20,광주사랑카드,51
85,2019-04-01,경기도,광주시,30,광주사랑카드,123
89,2019-04-01,경기도,광주시,40,광주사랑카드,238
99,2019-04-01,경기도,광주시,50,광주사랑카드,189
103,2019-04-01,경기도,광주시,60,광주사랑카드,12
686,2019-05-01,경기도,광주시,10,광주사랑카드,20
687,2019-05-01,경기도,광주시,20,광주사랑카드,160
688,2019-05-01,경기도,광주시,30,광주사랑카드,584
689,2019-05-01,경기도,광주시,40,광주사랑카드,926
690,2019-05-01,경기도,광주시,50,광주사랑카드,641
691,2019-05-01,경기도,광주시,60,광주사랑카드,58
692,2019-05-01,경기도,광주시,70,광주사랑카드,5
997,2019-06-01,경기도,광주시,10,광주사랑카드,62
998,2019-06-01,경기도,광주시,20,광주사랑카드,388
999,2019-06-01,경기도,광주시,30,광주사랑카드,1086
1000,2019-06-01,경기도,광주시,40,광주사랑카드,1365
1001,2019-06-01,경기도,광주시,50,광주사랑카드,762
1002,2019-06-01,경기도,광주시,60,광주사랑카드,106
1003,2019-06-01,경기도,광주시,70,광주사랑카드,12
1004,2019-06-01,경기도,광주시,80,광주사랑카드,3
1331,2019-07-01,경기도,광주시,10,광주사랑카드,55
1332,2019-07-01,경기도,광주시,20,광주사랑카드,450
1333,2019-07-01,경기도,광주시,30,광주사랑카드,1548
145,2019-04-01,경기도,동두천시,10,동두천사랑카드,29
146,2019-04-01,경기도,동두천시,20,동두천사랑카드,110
151,2019-04-01,경기도,동두천시,30,동두천사랑카드,323
153,2019-04-01,경기도,동두천시,40,동두천사랑카드,297
164,2019-04-01,경기도,동두천시,50,동두천사랑카드,165
171,2019-04-01,경기도,동두천시,60,동두천사랑카드,33
172,2019-04-01,경기도,동두천시,70,동두천사랑카드,17
732,2019-05-01,경기도,동두천시,10,동두천사랑카드,52
733,2019-05-01,경기도,동두천시,20,동두천사랑카드,254
734,2019-05-01,경기도,동두천시,30,동두천사랑카드,813
736,2019-05-01,경기도,동두천시,40,동두천사랑카드,803
738,2019-05-01,경기도,동두천시,50,동두천사랑카드,422
739,2019-05-01,경기도,동두천시,60,동두천사랑카드,109
740,2019-05-01,경기도,동두천시,70,동두천사랑카드,35
741,2019-05-01,경기도,동두천시,80,동두천사랑카드,4
1040,2019-06-01,경기도,동두천시,10,동두천사랑카드,37
1041,2019-06-01,경기도,동두천시,20,동두천사랑카드,195
1043,2019-06-01,경기도,동두천시,30,동두천사랑카드,673
1045,2019-06-01,경기도,동두천시,40,동두천사랑카드,702
1046,2019-06-01,경기도,동두천시,50,동두천사랑카드,526
1047,2019-06-01,경기도,동두천시,60,동두천사랑카드,138
226,2019-04-01,경기도,수원시 권선구,10,수원페이,5
229,2019-04-01,경기도,수원시 권선구,20,수원페이,94
235,2019-04-01,경기도,수원시 권선구,30,수원페이,306
238,2019-04-01,경기도,수원시 권선구,40,수원페이,356
244,2019-04-01,경기도,수원시 권선구,50,수원페이,290
245,2019-04-01,경기도,수원시 권선구,60,수원페이,31
247,2019-04-01,경기도,수원시 권선구,70,수원페이,1
248,2019-04-01,경기도,수원시 영통구,10,수원페이,17
250,2019-04-01,경기도,수원시 영통구,20,수원페이,173
252,2019-04-01,경기도,수원시 영통구,30,수원페이,364
258,2019-04-01,경기도,수원시 영통구,40,수원페이,484
262,2019-04-01,경기도,수원시 영통구,50,수원페이,198
264,2019-04-01,경기도,수원시 영통구,60,수원페이,25
266,2019-04-01,경기도,수원시 장안구,20,수원페이,93
267,2019-04-01,경기도,수원시 장안구,30,수원페이,356
269,2019-04-01,경기도,수원시 장안구,40,수원페이,425
275,2019-04-01,경기도,수원시 장안구,50,수원페이,289
276,2019-04-01,경기도,수원시 장안구,60,수원페이,63
277,2019-04-01,경기도,수원시 장안구,70,수원페이,3
278,2019-04-01,경기도,수원시 장안구,80,수원페이,2
279,2019-04-01,경기도,수원시 팔달구,10,수원페이,6
280,2019-04-01,경기도,수원시 팔달구,20,수원페이,117
282,2019-04-01,경기도,수원시 팔달구,30,수원페이,341
283,2019-04-01,경기도,수원시 팔달구,40,수원페이,472
286,2019-04-01,경기도,수원시 팔달구,50,수원페이,370
287,2019-04-01,경기도,수원시 팔달구,60,수원페이,61
288,2019-04-01,경기도,수원시 팔달구,70,수원페이,25
289,2019-04-01,경기도,수원시 팔달구,80,수원페이,1
758,2019-05-01,경기도,수원시 권선구,10,수원페이,15
759,2019-05-01,경기도,수원시 권선구,20,수원페이,555
760,2019-05-01,경기도,수원시 권선구,30,수원페이,1235
761,2019-05-01,경기도,수원시 권선구,40,수원페이,1410
762,2019-05-01,경기도,수원시 권선구,50,수원페이,1045
763,2019-05-01,경기도,수원시 권선구,60,수원페이,104
764,2019-05-01,경기도,수원시 권선구,70,수원페이,6
765,2019-05-01,경기도,수원시 영통구,10,수원페이,36
766,2019-05-01,경기도,수원시 영통구,20,수원페이,915
769,2019-05-01,경기도,수원시 영통구,30,수원페이,1919
771,2019-05-01,경기도,수원시 영통구,40,수원페이,2215
309,2019-04-01,경기도,안산시 단원구,10,안산사랑상품권 다온,12
311,2019-04-01,경기도,안산시 단원구,20,안산사랑상품권 다온,219
317,2019-04-01,경기도,안산시 단원구,30,안산사랑상품권 다온,712
319,2019-04-01,경기도,안산시 단원구,40,안산사랑상품권 다온,1169
321,2019-04-01,경기도,안산시 단원구,50,안산사랑상품권 다온,653
325,2019-04-01,경기도,안산시 단원구,60,안산사랑상품권 다온,58
326,2019-04-01,경기도,안산시 단원구,70,안산사랑상품권 다온,4
327,2019-04-01,경기도,안산시 상록구,10,안산사랑상품권 다온,7
328,2019-04-01,경기도,안산시 상록구,20,안산사랑상품권 다온,163
329,2019-04-01,경기도,안산시 상록구,30,안산사랑상품권 다온,377
330,2019-04-01,경기도,안산시 상록구,40,안산사랑상품권 다온,626
331,2019-04-01,경기도,안산시 상록구,50,안산사랑상품권 다온,540
332,2019-04-01,경기도,안산시 상록구,60,안산사랑상품권 다온,83
333,2019-04-01,경기도,안산시 상록구,70,안산사랑상품권 다온,11
803,2019-05-01,경기도,안산시 단원구,10,안산사랑상품권 다온,60
804,2019-05-01,경기도,안산시 단원구,20,안산사랑상품권 다온,915
807,2019-05-01,경기도,안산시 단원구,30,안산사랑상품권 다온,2015
808,2019-05-01,경기도,안산시 단원구,40,안산사랑상품권 다온,3263
334,2019-04-01,경기도,안성시,10,안성사랑카드,3
337,2019-04-01,경기도,안성시,20,안성사랑카드,43
342,2019-04-01,경기도,안성시,30,안성사랑카드,154
344,2019-04-01,경기도,안성시,40,안성사랑카드,177
355,2019-04-01,경기도,안성시,50,안성사랑카드,81
366,2019-04-01,경기도,안성시,60,안성사랑카드,10
368,2019-04-01,경기도,안성시,70,안성사랑카드,8
821,2019-05-01,경기도,안성시,10,안성사랑카드,2
822,2019-05-01,경기도,안성시,20,안성사랑카드,162
823,2019-05-01,경기도,안성시,30,안성사랑카드,372
824,2019-05-01,경기도,안성시,40,안성사랑카드,623
825,2019-05-01,경기도,안성시,50,안성사랑카드,208
826,2019-05-01,경기도,안성시,60,안성사랑카드,62
827,2019-05-01,경기도,안성시,70,안성사랑카드,25
828,2019-05-01,경기도,안성시,80,안성사랑카드,6
1129,2019-06-01,경기도,안성시,10,안성사랑카드,7
1130,2019-06-01,경기도,안성시,20,안성사랑카드,286
1131,2019-06-01,경기도,안성시,30,안성사랑카드,648
1132,2019-06-01,경기도,안성시,40,안성사랑카드,1201
1133,2019-06-01,경기도,안성시,50,안성사랑카드,515
1134,2019-06-01,경기도,안성시,60,안성사랑카드,123
1135,2019-06-01,경기도,안성시,70,안성사랑카드,24
1136,2019-06-01,경기도,안성시,80,안성사랑카드,2
1468,2019-07-01,경기도,안성시,10,안성사랑카드,25
1,2019-03-01,경기도,양주시,40,양주사랑카드,3
376,2019-04-01,경기도,양주시,10,양주사랑카드,19
379,2019-04-01,경기도,양주시,20,양주사랑카드,184
381,2019-04-01,경기도,양주시,30,양주사랑카드,989
386,2019-04-01,경기도,양주시,40,양주사랑카드,1847
396,2019-04-01,경기도,양주시,50,양주사랑카드,573
399,2019-04-01,경기도,양주시,60,양주사랑카드,121
400,2019-04-01,경기도,양주시,70,양주사랑카드,23
401,2019-04-01,경기도,양주시,80,양주사랑카드,6
830,2019-05-01,경기도,양주시,10,양주사랑카드,95
1812,2019-08-01,경기도,양평군,20,양평농협 창립50주년 기프트카드,5
1814,2019-08-01,경기도,양평군,30,양평농협 창립50주년 기프트카드,4
1815,2019-08-01,경기도,양평군,40,양평농협 창립50주년 기프트카드,8
1817,2019-08-01,경기도,양평군,50,양평농협 창립50주년 기프트카드,8
1820,2019-08-01,경기도,양평군,60,양평농협 창립50주년 기프트카드,2
2148,2019-09-01,경기도,양평군,20,양평농협 창립50주년 기프트카드,6
2150,2019-09-01,경기도,양평군,30,양평농협 창립50주년 기프트카드,8
411,2019-04-01,경기도,여주시,10,여주사랑카드,2
412,2019-04-01,경기도,여주시,20,여주사랑카드,103
414,2019-04-01,경기도,여주시,30,여주사랑카드,189
416,2019-04-01,경기도,여주시,40,여주사랑카드,305
422,2019-04-01,경기도,여주시,50,여주사랑카드,198
423,2019-04-01,경기도,여주시,60,여주사랑카드,15
425,2019-04-01,경기도,여주시,70,여주사랑카드,2
848,2019-05-01,경기도,여주시,10,여주사랑카드,23
849,2019-05-01,경기도,여주시,20,여주사랑카드,191
426,2019-04-01,경기도,오산시,10,오산화폐 오색전,29
427,2019-04-01,경기도,오산시,20,오산화폐 오색전,117
428,2019-04-01,경기도,오산시,30,오산화폐 오색전,165
430,2019-04-01,경기도,오산시,40,오산화폐 오색전,413
434,2019-04-01,경기도,오산시,50,오산화폐 오색전,319
435,2019-04-01,경기도,오산시,60,오산화폐 오색전,84
438,2019-04-01,경기도,오산시,70,오산화폐 오색전,7
859,2019-05-01,경기도,오산시,10,오산화폐 오색전,105
860,2019-05-01,경기도,오산시,20,오산화폐 오색전,541
439,2019-04-01,경기도,용인시 기흥구,10,용인와이페이,4
460,2019-04-01,경기도,용인시 수지구,10,용인와이페이,10
467,2019-04-01,경기도,용인시 처인구,10,용인와이페이,6
868,2019-05-01,경기도,용인시 기흥구,10,용인와이페이,3
877,2019-05-01,경기도,용인시 수지구,10,용인와이페이,16
886,2019-05-01,경기도,용인시 처인구,10,용인와이페이,9
1186,2019-06-01,경기도,용인시 기흥구,10,용인와이페이,33
1195,2019-06-01,경기도,용인시 수지구,10,용인와이페이,29
1204,2019-06-01,경기도,용인시 처인구,10,용인와이페이,36
1525,2019-07-01,경기도,용인시 기흥구,10,용인와이페이,43
1533,2019-07-01,경기도,용인시 수지구,10,용인와이페이,46
1541,2019-07-01,경기도,용인시 처인구,10,용인와이페이,25
1851,2019-08-01,경기도,용인시 기흥구,10,용인와이페이,28
1858,2019-08-01,경기도,용인시 수지구,10,용인와이페이,43
1867,2019-08-01,경기도,용인시 처인구,10,용인와이페이,15
2184,2019-09-01,경기도,용인시 기흥구,10,용인와이페이,86
2193,2019-09-01,경기도,용인시 수지구,10,용인와이페이,70
2202,2019-09-01,경기도,용인시 처인구,10,용인와이페이,66
441,2019-04-01,경기도,용인시 기흥구,20,용인와이페이,67
461,2019-04-01,경기도,용인시 수지구,20,용인와이페이,59
468,2019-04-01,경기도,용인시 처인구,20,용인와이페이,69
869,2019-05-01,경기도,용인시 기흥구,20,용인와이페이,385
878,2019-05-01,경기도,용인시 수지구,20,용인와이페이,343
887,2019-05-01,경기도,용인시 처인구,20,용인와이페이,350
1187,2019-06-01,경기도,용인시 기흥구,20,용인와이페이,700
499,2019-04-01,경기도,의정부시,10,의정부사랑카드,23
507,2019-04-01,경기도,의정부시,20,의정부사랑카드,87
510,2019-04-01,경기도,의정부시,30,의정부사랑카드,236
553,2019-04-01,경기도,이천시,20,이천사랑지역화폐,19
554,2019-04-01,경기도,이천시,30,이천사랑지역화폐,84
556,2019-04-01,경기도,이천시,40,이천사랑지역화폐,56
557,2019-04-01,경기도,이천시,50,이천사랑지역화폐,40
558,2019-04-01,경기도,이천시,60,이천사랑지역화폐,4
559,2019-04-01,경기도,이천시,70,이천사랑지역화폐,3
560,2019-04-01,경기도,이천시,80,이천사랑지역화폐,1
903,2019-05-01,경기도,이천시,10,이천사랑지역화폐,1
594,2019-04-01,경기도,하남시,20,하남하머니,13
595,2019-04-01,경기도,하남시,30,하남하머니,35
597,2019-04-01,경기도,하남시,40,하남하머니,51
600,2019-04-01,경기도,하남시,50,하남하머니,45
602,2019-04-01,경기도,하남시,60,하남하머니,8
603,2019-04-01,경기도,하남시,70,하남하머니,3
1263,2019-06-01,경기도,화성시,20,행복화성지역화폐_화이트,3
1268,2019-06-01,경기도,화성시,30,행복화성지역화폐_화이트,12
1273,2019-06-01,경기도,화성시,40,행복화성지역화폐_화이트,59
1277,2019-06-01,경기도,화성시,50,행복화성지역화폐_화이트,3
1602,2019-07-01,경기도,화성시,20,행복화성지역화폐_화이트,1
1604,2019-07-01,경기도,화성시,30,행복화성지역화폐_화이트,16
1610,2019-07-01,경기도,화성시,40,행복화성지역화폐_화이트,154
1617,2019-07-01,경기도,화성시,60,행복화성지역화폐_화이트,1
1926,2019-08-01,경기도,화성시,30,행복화성지역화폐_화이트,15
1930,2019-08-01,경기도,화성시,40,행복화성지역화폐_화이트,91
1932,2019-08-01,경기도,화성시,50,행복화성지역화폐_화이트,1
2263,2019-09-01,경기도,화성시,30,행복화성지역화폐_화이트,29
2265,2019-09-01,경기도,화성시,40,행복화성지역화폐_화이트,168
2269,2019-09-01,경기도,화성시,50,행복화성지역화폐_화이트,1
2272,2019-09-01,경기도,화성시,60,행복화성지역화폐_화이트,1
604,2019-04-01,경기도,화성시,10,행복화성지역화폐,28
607,2019-04-01,경기도,화성시,20,행복화성지역화폐,193
614,2019-04-01,경기도,화성시,30,행복화성지역화폐,1499
617,2019-04-01,경기도,화성시,40,행복화성지역화폐,2197
631,2019-04-01,경기도,화성시,50,행복화성지역화폐,517
632,2019-04-01,경기도,화성시,60,행복화성지역화폐,87
633,2019-04-01,경기도,화성시,70,행복화성지역화폐,131
933,2019-05-01,경기도,화성시,10,행복화성지역화폐,91
935,2019-05-01,경기도,화성시,20,행복화성지역화폐,897
937,2019-05-01,경기도,화성시,30,행복화성지역화폐,6657
942,2019-05-01,경기도,화성시,40,행복화성지역화폐,9529
943,2019-05-01,경기도,화성시,50,행복화성지역화폐,1932
946,2019-05-01,경기도,화성시,60,행복화성지역화폐,295
947,2019-05-01,경기도,화성시,70,행복화성지역화폐,58
948,2019-05-01,경기도,화성시,80,행복화성지역화폐,2
1261,2019-06-01,경기도,화성시,10,행복화성지역화폐,149
635,2019-05-01,경기도,가평군,10,가평사랑상품권,11
636,2019-05-01,경기도,가평군,20,가평사랑상품권,32
637,2019-05-01,경기도,가평군,30,가평사랑상품권,156
638,2019-05-01,경기도,가평군,40,가평사랑상품권,204
639,2019-05-01,경기도,가평군,50,가평사랑상품권,328
640,2019-05-01,경기도,가평군,60,가평사랑상품권,12
21,2019-04-01,경기도,고양시 덕양구,60,고양페이카드,8
641,2019-05-01,경기도,고양시 덕양구,10,고양페이카드,6
642,2019-05-01,경기도,고양시 덕양구,20,고양페이카드,276
643,2019-05-01,경기도,고양시 덕양구,30,고양페이카드,864
644,2019-05-01,경기도,고양시 덕양구,40,고양페이카드,1077
645,2019-05-01,경기도,고양시 덕양구,50,고양페이카드,694
652,2019-05-01,경기도,고양시 일산동구,30,고양페이카드,563
655,2019-05-01,경기도,고양시 일산동구,40,고양페이카드,688
657,2019-05-01,경기도,고양시 일산동구,50,고양페이카드,383
658,2019-05-01,경기도,고양시 일산동구,60,고양페이카드,79
659,2019-05-01,경기도,고양시 일산동구,70,고양페이카드,11
965,2019-06-01,경기도,고양시 일산동구,10,고양페이카드,69
967,2019-06-01,경기도,고양시 일산동구,20,고양페이카드,568
968,2019-06-01,경기도,고양시 일산동구,30,고양페이카드,1093
969,2019-06-01,경기도,고양시 일산동구,40,고양페이카드,1458
970,2019-06-01,경기도,고양시 일산동구,50,고양페이카드,743
971,2019-06-01,경기도,고양시 일산동구,60,고양페이카드,160
972,2019-06-01,경기도,고양시 일산동구,70,고양페이카드,6
1295,2019-07-01,경기도,고양시 일산동구,10,고양페이카드,123
1304,2019-07-01,경기도,고양시 일산서구,10,고양페이카드,127
1305,2019-07-01,경기도,고양시 일산서구,20,고양페이카드,1200
1306,2019-07-01,경기도,고양시 일산서구,30,고양페이카드,3290
1308,2019-07-01,경기도,고양시 일산서구,40,고양페이카드,5826
1311,2019-07-01,경기도,고양시 일산서구,50,고양페이카드,3263
1312,2019-07-01,경기도,고양시 일산서구,60,고양페이카드,647
1313,2019-07-01,경기도,고양시 일산서구,70,고양페이카드,68
1314,2019-07-01,경기도,고양시 일산서구,80,고양페이카드,3
1644,2019-08-01,경기도,고양시 일산서구,10,고양페이카드,147
1645,2019-08-01,경기도,고양시 일산서구,20,고양페이카드,1649
1646,2019-08-01,경기도,고양시 일산서구,30,고양페이카드,4422
672,2019-05-01,경기도,과천시,20,과천화폐 과천토리,183
673,2019-05-01,경기도,과천시,30,과천화폐 과천토리,629
674,2019-05-01,경기도,과천시,40,과천화폐 과천토리,1032
675,2019-05-01,경기도,과천시,50,과천화폐 과천토리,596
676,2019-05-01,경기도,과천시,60,과천화폐 과천토리,93
677,2019-05-01,경기도,과천시,70,과천화폐 과천토리,25
981,2019-06-01,경기도,과천시,10,과천화폐 과천토리,49
678,2019-05-01,경기도,광명시,10,광명사랑화폐,15
679,2019-05-01,경기도,광명시,20,광명사랑화폐,400
680,2019-05-01,경기도,광명시,30,광명사랑화폐,1247
681,2019-05-01,경기도,광명시,40,광명사랑화폐,2902
682,2019-05-01,경기도,광명시,50,광명사랑화폐,2007
683,2019-05-01,경기도,광명시,60,광명사랑화폐,424
684,2019-05-01,경기도,광명시,70,광명사랑화폐,44
685,2019-05-01,경기도,광명시,80,광명사랑화폐,11
1335,2019-07-01,경기도,광주시,40,광주사랑카드,1980
1336,2019-07-01,경기도,광주시,50,광주사랑카드,1155
1337,2019-07-01,경기도,광주시,60,광주사랑카드,239
1338,2019-07-01,경기도,광주시,70,광주사랑카드,15
1339,2019-07-01,경기도,광주시,80,광주사랑카드,2
1669,2019-08-01,경기도,광주시,10,광주사랑카드,56
1670,2019-08-01,경기도,광주시,20,광주사랑카드,399
693,2019-05-01,경기도,구리시,10,구리사랑카드,6
695,2019-05-01,경기도,구리시,20,구리사랑카드,112
698,2019-05-01,경기도,구리시,30,구리사랑카드,254
699,2019-05-01,경기도,구리시,40,구리사랑카드,431
704,2019-05-01,경기도,구리시,50,구리사랑카드,214
705,2019-05-01,경기도,구리시,60,구리사랑카드,48
707,2019-05-01,경기도,구리시,70,구리사랑카드,2
1005,2019-06-01,경기도,구리시,10,구리사랑카드,38
1006,2019-06-01,경기도,구리시,20,구리사랑카드,413
107,2019-04-01,경기도,군포시,10,군포愛머니,82
108,2019-04-01,경기도,군포시,20,군포愛머니,669
109,2019-04-01,경기도,군포시,30,군포愛머니,1432
114,2019-04-01,경기도,군포시,40,군포愛머니,2371
116,2019-04-01,경기도,군포시,50,군포愛머니,2197
118,2019-04-01,경기도,군포시,60,군포愛머니,495
119,2019-04-01,경기도,군포시,70,군포愛머니,72
120,2019-04-01,경기도,남양주시,10,Thank You Pay-N,1
122,2019-04-01,경기도,남양주시,20,Thank You Pay-N,63
1048,2019-06-01,경기도,동두천시,70,동두천사랑카드,30
1049,2019-06-01,경기도,동두천시,80,동두천사랑카드,4
1371,2019-07-01,경기도,동두천시,10,동두천사랑카드,29
1372,2019-07-01,경기도,동두천시,20,동두천사랑카드,254
1374,2019-07-01,경기도,동두천시,30,동두천사랑카드,622
1376,2019-07-01,경기도,동두천시,40,동두천사랑카드,776
1377,2019-07-01,경기도,동두천시,50,동두천사랑카드,571
1379,2019-07-01,경기도,동두천시,60,동두천사랑카드,172
1380,2019-07-01,경기도,동두천시,70,동두천사랑카드,33
1381,2019-07-01,경기도,동두천시,80,동두천사랑카드,6
173,2019-04-01,경기도,부천시,10,부천페이,69
177,2019-04-01,경기도,부천시,20,부천페이,1020
185,2019-04-01,경기도,부천시,30,부천페이,2330
194,2019-04-01,경기도,부천시,40,부천페이,3183
200,2019-04-01,경기도,부천시,50,부천페이,1511
206,2019-04-01,경기도,부천시,60,부천페이,482
211,2019-04-01,경기도,부천시,70,부천페이,39
212,2019-04-01,경기도,부천시,80,부천페이,6
742,2019-05-01,경기도,부천시,10,부천페이,185
743,2019-05-01,경기도,부천시,20,부천페이,2775
745,2019-05-01,경기도,부천시,30,부천페이,6240
748,2019-05-01,경기도,부천시,40,부천페이,8419
749,2019-05-01,경기도,부천시,50,부천페이,4006
777,2019-05-01,경기도,수원시 영통구,50,수원페이,979
779,2019-05-01,경기도,수원시 영통구,60,수원페이,102
780,2019-05-01,경기도,수원시 영통구,70,수원페이,3
781,2019-05-01,경기도,수원시 장안구,10,수원페이,22
782,2019-05-01,경기도,수원시 장안구,20,수원페이,534
783,2019-05-01,경기도,수원시 장안구,30,수원페이,1339
784,2019-05-01,경기도,수원시 장안구,40,수원페이,1734
785,2019-05-01,경기도,수원시 장안구,50,수원페이,1195
786,2019-05-01,경기도,수원시 장안구,60,수원페이,194
787,2019-05-01,경기도,수원시 장안구,70,수원페이,17
788,2019-05-01,경기도,수원시 장안구,80,수원페이,2
789,2019-05-01,경기도,수원시 팔달구,10,수원페이,31
790,2019-05-01,경기도,수원시 팔달구,20,수원페이,536
791,2019-05-01,경기도,수원시 팔달구,30,수원페이,1242
792,2019-05-01,경기도,수원시 팔달구,40,수원페이,1482
793,2019-05-01,경기도,수원시 팔달구,50,수원페이,1316
794,2019-05-01,경기도,수원시 팔달구,60,수원페이,157
795,2019-05-01,경기도,수원시 팔달구,70,수원페이,33
796,2019-05-01,경기도,수원시 팔달구,80,수원페이,3
1068,2019-06-01,경기도,수원시 권선구,10,수원페이,32
1069,2019-06-01,경기도,수원시 권선구,20,수원페이,1010
1071,2019-06-01,경기도,수원시 권선구,30,수원페이,2186
1072,2019-06-01,경기도,수원시 권선구,40,수원페이,2431
1073,2019-06-01,경기도,수원시 권선구,50,수원페이,1981
1074,2019-06-01,경기도,수원시 권선구,60,수원페이,244
1075,2019-06-01,경기도,수원시 권선구,70,수원페이,12
1076,2019-06-01,경기도,수원시 권선구,80,수원페이,1
1077,2019-06-01,경기도,수원시 영통구,10,수원페이,62
1078,2019-06-01,경기도,수원시 영통구,20,수원페이,1539
1080,2019-06-01,경기도,수원시 영통구,30,수원페이,3355
1084,2019-06-01,경기도,수원시 영통구,40,수원페이,4092
1085,2019-06-01,경기도,수원시 영통구,50,수원페이,1864
1088,2019-06-01,경기도,수원시 영통구,60,수원페이,213
1089,2019-06-01,경기도,수원시 영통구,70,수원페이,8
1090,2019-06-01,경기도,수원시 영통구,80,수원페이,2
1091,2019-06-01,경기도,수원시 장안구,10,수원페이,89
1092,2019-06-01,경기도,수원시 장안구,20,수원페이,888
1093,2019-06-01,경기도,수원시 장안구,30,수원페이,2127
1094,2019-06-01,경기도,수원시 장안구,40,수원페이,2984
809,2019-05-01,경기도,안산시 단원구,50,안산사랑상품권 다온,1999
810,2019-05-01,경기도,안산시 단원구,60,안산사랑상품권 다온,214
811,2019-05-01,경기도,안산시 단원구,70,안산사랑상품권 다온,23
812,2019-05-01,경기도,안산시 단원구,80,안산사랑상품권 다온,6
813,2019-05-01,경기도,안산시 상록구,10,안산사랑상품권 다온,31
814,2019-05-01,경기도,안산시 상록구,20,안산사랑상품권 다온,514
815,2019-05-01,경기도,안산시 상록구,30,안산사랑상품권 다온,1172
816,2019-05-01,경기도,안산시 상록구,40,안산사랑상품권 다온,1765
817,2019-05-01,경기도,안산시 상록구,50,안산사랑상품권 다온,1445
818,2019-05-01,경기도,안산시 상록구,60,안산사랑상품권 다온,219
819,2019-05-01,경기도,안산시 상록구,70,안산사랑상품권 다온,50
820,2019-05-01,경기도,안산시 상록구,80,안산사랑상품권 다온,1
1112,2019-06-01,경기도,안산시 단원구,10,안산사랑상품권 다온,199
1113,2019-06-01,경기도,안산시 단원구,20,안산사랑상품권 다온,1999
1114,2019-06-01,경기도,안산시 단원구,30,안산사랑상품권 다온,4008
1115,2019-06-01,경기도,안산시 단원구,40,안산사랑상품권 다온,6497
1117,2019-06-01,경기도,안산시 단원구,50,안산사랑상품권 다온,3715
1118,2019-06-01,경기도,안산시 단원구,60,안산사랑상품권 다온,450
1469,2019-07-01,경기도,안성시,20,안성사랑카드,237
1470,2019-07-01,경기도,안성시,30,안성사랑카드,1019
1471,2019-07-01,경기도,안성시,40,안성사랑카드,1932
1472,2019-07-01,경기도,안성시,50,안성사랑카드,878
1473,2019-07-01,경기도,안성시,60,안성사랑카드,242
1474,2019-07-01,경기도,안성시,70,안성사랑카드,73
1475,2019-07-01,경기도,안성시,80,안성사랑카드,2
1794,2019-08-01,경기도,안성시,10,안성사랑카드,35
831,2019-05-01,경기도,양주시,20,양주사랑카드,434
833,2019-05-01,경기도,양주시,30,양주사랑카드,2391
834,2019-05-01,경기도,양주시,40,양주사랑카드,4244
836,2019-05-01,경기도,양주시,50,양주사랑카드,1594
837,2019-05-01,경기도,양주시,60,양주사랑카드,273
839,2019-05-01,경기도,양주시,70,양주사랑카드,40
840,2019-05-01,경기도,양주시,80,양주사랑카드,13
1140,2019-06-01,경기도,양주시,10,양주사랑카드,136
1142,2019-06-01,경기도,양주시,20,양주사랑카드,814
1143,2019-06-01,경기도,양주시,30,양주사랑카드,3366
1145,2019-06-01,경기도,양주시,40,양주사랑카드,5892
2152,2019-09-01,경기도,양평군,40,양평농협 창립50주년 기프트카드,25
2155,2019-09-01,경기도,양평군,50,양평농협 창립50주년 기프트카드,13
2156,2019-09-01,경기도,양평군,60,양평농협 창립50주년 기프트카드,4
402,2019-04-01,경기도,양평군,10,양평통보,26
403,2019-04-01,경기도,양평군,20,양평통보,229
404,2019-04-01,경기도,양평군,30,양평통보,626
407,2019-04-01,경기도,양평군,40,양평통보,1184
850,2019-05-01,경기도,여주시,30,여주사랑카드,279
851,2019-05-01,경기도,여주시,40,여주사랑카드,525
852,2019-05-01,경기도,여주시,50,여주사랑카드,307
853,2019-05-01,경기도,여주시,60,여주사랑카드,37
854,2019-05-01,경기도,여주시,70,여주사랑카드,5
1160,2019-06-01,경기도,여주시,10,여주사랑카드,13
1161,2019-06-01,경기도,여주시,20,여주사랑카드,156
855,2019-05-01,경기도,연천군,20,연천사랑상품권,2
856,2019-05-01,경기도,연천군,30,연천사랑상품권,19
857,2019-05-01,경기도,연천군,40,연천사랑상품권,46
858,2019-05-01,경기도,연천군,50,연천사랑상품권,41
861,2019-05-01,경기도,오산시,30,오산화폐 오색전,1214
863,2019-05-01,경기도,오산시,40,오산화폐 오색전,1835
864,2019-05-01,경기도,오산시,50,오산화폐 오색전,1100
865,2019-05-01,경기도,오산시,60,오산화폐 오색전,327
866,2019-05-01,경기도,오산시,70,오산화폐 오색전,45
867,2019-05-01,경기도,오산시,80,오산화폐 오색전,1
1174,2019-06-01,경기도,오산시,10,오산화폐 오색전,77
1176,2019-06-01,경기도,오산시,20,오산화폐 오색전,657
1178,2019-06-01,경기도,오산시,30,오산화폐 오색전,1733
1196,2019-06-01,경기도,용인시 수지구,20,용인와이페이,471
1205,2019-06-01,경기도,용인시 처인구,20,용인와이페이,494
1526,2019-07-01,경기도,용인시 기흥구,20,용인와이페이,792
1534,2019-07-01,경기도,용인시 수지구,20,용인와이페이,509
1542,2019-07-01,경기도,용인시 처인구,20,용인와이페이,523
1852,2019-08-01,경기도,용인시 기흥구,20,용인와이페이,617
1859,2019-08-01,경기도,용인시 수지구,20,용인와이페이,509
1868,2019-08-01,경기도,용인시 처인구,20,용인와이페이,464
2185,2019-09-01,경기도,용인시 기흥구,20,용인와이페이,1188
2194,2019-09-01,경기도,용인시 수지구,20,용인와이페이,1471
2203,2019-09-01,경기도,용인시 처인구,20,용인와이페이,1117
444,2019-04-01,경기도,용인시 기흥구,30,용인와이페이,250
462,2019-04-01,경기도,용인시 수지구,30,용인와이페이,166
471,2019-04-01,경기도,용인시 처인구,30,용인와이페이,201
870,2019-05-01,경기도,용인시 기흥구,30,용인와이페이,1242
879,2019-05-01,경기도,용인시 수지구,30,용인와이페이,952
888,2019-05-01,경기도,용인시 처인구,30,용인와이페이,957
1188,2019-06-01,경기도,용인시 기흥구,30,용인와이페이,1918
1197,2019-06-01,경기도,용인시 수지구,30,용인와이페이,1371
1206,2019-06-01,경기도,용인시 처인구,30,용인와이페이,1415
1527,2019-07-01,경기도,용인시 기흥구,30,용인와이페이,2168
1535,2019-07-01,경기도,용인시 수지구,30,용인와이페이,1888
1543,2019-07-01,경기도,용인시 처인구,30,용인와이페이,1586
1853,2019-08-01,경기도,용인시 기흥구,30,용인와이페이,1887
1860,2019-08-01,경기도,용인시 수지구,30,용인와이페이,1615
1870,2019-08-01,경기도,용인시 처인구,30,용인와이페이,1200
529,2019-04-01,경기도,의정부시,40,의정부사랑카드,416
540,2019-04-01,경기도,의정부시,50,의정부사랑카드,229
549,2019-04-01,경기도,의정부시,60,의정부사랑카드,44
551,2019-04-01,경기도,의정부시,70,의정부사랑카드,3
552,2019-04-01,경기도,의정부시,80,의정부사랑카드,2
894,2019-05-01,경기도,의정부시,10,의정부사랑카드,120
895,2019-05-01,경기도,의정부시,20,의정부사랑카드,973
896,2019-05-01,경기도,의정부시,30,의정부사랑카드,1950
897,2019-05-01,경기도,의정부시,40,의정부사랑카드,3068
904,2019-05-01,경기도,이천시,20,이천사랑지역화폐,195
907,2019-05-01,경기도,이천시,30,이천사랑지역화폐,297
908,2019-05-01,경기도,이천시,40,이천사랑지역화폐,362
909,2019-05-01,경기도,이천시,50,이천사랑지역화폐,165
910,2019-05-01,경기도,이천시,60,이천사랑지역화폐,37
911,2019-05-01,경기도,이천시,70,이천사랑지역화폐,36
912,2019-05-01,경기도,이천시,80,이천사랑지역화폐,3
1226,2019-06-01,경기도,이천시,10,이천사랑지역화폐,43
1227,2019-06-01,경기도,이천시,20,이천사랑지역화폐,391
1229,2019-06-01,경기도,이천시,30,이천사랑지역화폐,676
562,2019-04-01,경기도,파주시,30,파주 Pay(파주페이),11
924,2019-05-01,경기도,하남시,10,하남하머니,56
925,2019-05-01,경기도,하남시,20,하남하머니,536
926,2019-05-01,경기도,하남시,30,하남하머니,2242
927,2019-05-01,경기도,하남시,40,하남하머니,3175
928,2019-05-01,경기도,하남시,50,하남하머니,1232
929,2019-05-01,경기도,하남시,60,하남하머니,393
930,2019-05-01,경기도,하남시,70,하남하머니,90
931,2019-05-01,경기도,하남시,80,하남하머니,3
1262,2019-06-01,경기도,화성시,20,행복화성지역화폐,1775
1265,2019-06-01,경기도,화성시,30,행복화성지역화폐,12748
1269,2019-06-01,경기도,화성시,40,행복화성지역화폐,17211
1274,2019-06-01,경기도,화성시,50,행복화성지역화폐,3616
1278,2019-06-01,경기도,화성시,60,행복화성지역화폐,602
1279,2019-06-01,경기도,화성시,70,행복화성지역화폐,81
1280,2019-06-01,경기도,화성시,80,행복화성지역화폐,10
1598,2019-07-01,경기도,화성시,10,행복화성지역화폐,220
1603,2019-07-01,경기도,화성시,20,행복화성지역화폐,2790
1607,2019-07-01,경기도,화성시,30,행복화성지역화폐,18477
1611,2019-07-01,경기도,화성시,40,행복화성지역화폐,26229
1612,2019-07-01,경기도,화성시,50,행복화성지역화폐,5195
1616,2019-07-01,경기도,화성시,60,행복화성지역화폐,1018
1619,2019-07-01,경기도,화성시,70,행복화성지역화폐,130
1620,2019-07-01,경기도,화성시,80,행복화성지역화폐,33
1922,2019-08-01,경기도,화성시,10,행복화성지역화폐,284
1924,2019-08-01,경기도,화성시,20,행복화성지역화폐,2721
949,2019-06-01,경기도,가평군,10,가평사랑상품권,29
950,2019-06-01,경기도,가평군,20,가평사랑상품권,88
951,2019-06-01,경기도,가평군,30,가평사랑상품권,311
953,2019-06-01,경기도,가평군,40,가평사랑상품권,466
954,2019-06-01,경기도,가평군,50,가평사랑상품권,573
956,2019-06-01,경기도,가평군,60,가평사랑상품권,61
957,2019-06-01,경기도,가평군,70,가평사랑상품권,16
1281,2019-07-01,경기도,가평군,10,가평사랑상품권,50
1282,2019-07-01,경기도,가평군,20,가평사랑상품권,138
646,2019-05-01,경기도,고양시 덕양구,60,고양페이카드,133
958,2019-06-01,경기도,고양시 덕양구,10,고양페이카드,33
959,2019-06-01,경기도,고양시 덕양구,20,고양페이카드,505
960,2019-06-01,경기도,고양시 덕양구,30,고양페이카드,1664
961,2019-06-01,경기도,고양시 덕양구,40,고양페이카드,2288
962,2019-06-01,경기도,고양시 덕양구,50,고양페이카드,1353
963,2019-06-01,경기도,고양시 덕양구,60,고양페이카드,293
1296,2019-07-01,경기도,고양시 일산동구,20,고양페이카드,1980
1297,2019-07-01,경기도,고양시 일산동구,30,고양페이카드,3758
1298,2019-07-01,경기도,고양시 일산동구,40,고양페이카드,5914
1300,2019-07-01,경기도,고양시 일산동구,50,고양페이카드,3024
1301,2019-07-01,경기도,고양시 일산동구,60,고양페이카드,492
1302,2019-07-01,경기도,고양시 일산동구,70,고양페이카드,45
1303,2019-07-01,경기도,고양시 일산동구,80,고양페이카드,6
1636,2019-08-01,경기도,고양시 일산동구,10,고양페이카드,204
1647,2019-08-01,경기도,고양시 일산서구,40,고양페이카드,8470
1649,2019-08-01,경기도,고양시 일산서구,50,고양페이카드,4397
1650,2019-08-01,경기도,고양시 일산서구,60,고양페이카드,897
1651,2019-08-01,경기도,고양시 일산서구,70,고양페이카드,120
1652,2019-08-01,경기도,고양시 일산서구,80,고양페이카드,19
1969,2019-09-01,경기도,고양시 일산서구,10,고양페이카드,316
1970,2019-09-01,경기도,고양시 일산서구,20,고양페이카드,2253
1971,2019-09-01,경기도,고양시 일산서구,30,고양페이카드,7064
982,2019-06-01,경기도,과천시,20,과천화폐 과천토리,365
983,2019-06-01,경기도,과천시,30,과천화폐 과천토리,1247
984,2019-06-01,경기도,과천시,40,과천화폐 과천토리,1972
985,2019-06-01,경기도,과천시,50,과천화폐 과천토리,1092
986,2019-06-01,경기도,과천시,60,과천화폐 과천토리,238
987,2019-06-01,경기도,과천시,70,과천화폐 과천토리,75
988,2019-06-01,경기도,과천시,80,과천화폐 과천토리,4
1315,2019-07-01,경기도,과천시,10,과천화폐 과천토리,80
989,2019-06-01,경기도,광명시,10,광명사랑화폐,40
990,2019-06-01,경기도,광명시,20,광명사랑화폐,543
991,2019-06-01,경기도,광명시,30,광명사랑화폐,1788
992,2019-06-01,경기도,광명시,40,광명사랑화폐,3633
993,2019-06-01,경기도,광명시,50,광명사랑화폐,2513
994,2019-06-01,경기도,광명시,60,광명사랑화폐,611
995,2019-06-01,경기도,광명시,70,광명사랑화폐,107
996,2019-06-01,경기도,광명시,80,광명사랑화폐,19
1671,2019-08-01,경기도,광주시,30,광주사랑카드,1333
1672,2019-08-01,경기도,광주시,40,광주사랑카드,1889
1673,2019-08-01,경기도,광주시,50,광주사랑카드,1018
1674,2019-08-01,경기도,광주시,60,광주사랑카드,216
1675,2019-08-01,경기도,광주시,70,광주사랑카드,26
1676,2019-08-01,경기도,광주시,80,광주사랑카드,2
1997,2019-09-01,경기도,광주시,10,광주사랑카드,124
1998,2019-09-01,경기도,광주시,20,광주사랑카드,920
1007,2019-06-01,경기도,구리시,30,구리사랑카드,1255
1009,2019-06-01,경기도,구리시,40,구리사랑카드,1838
1011,2019-06-01,경기도,구리시,50,구리사랑카드,1038
1012,2019-06-01,경기도,구리시,60,구리사랑카드,215
1013,2019-06-01,경기도,구리시,70,구리사랑카드,44
1340,2019-07-01,경기도,구리시,10,구리사랑카드,32
1341,2019-07-01,경기도,구리시,20,구리사랑카드,592
1342,2019-07-01,경기도,구리시,30,구리사랑카드,1966
1343,2019-07-01,경기도,구리시,40,구리사랑카드,2861
708,2019-05-01,경기도,군포시,10,군포愛머니,350
709,2019-05-01,경기도,군포시,20,군포愛머니,1822
710,2019-05-01,경기도,군포시,30,군포愛머니,5081
711,2019-05-01,경기도,군포시,40,군포愛머니,9532
715,2019-05-01,경기도,군포시,50,군포愛머니,6256
716,2019-05-01,경기도,군포시,60,군포愛머니,1794
717,2019-05-01,경기도,군포시,70,군포愛머니,448
718,2019-05-01,경기도,군포시,80,군포愛머니,30
1014,2019-06-01,경기도,군포시,10,군포愛머니,681
1016,2019-06-01,경기도,군포시,20,군포愛머니,3459
1017,2019-06-01,경기도,군포시,30,군포愛머니,9432
1018,2019-06-01,경기도,군포시,40,군포愛머니,18674
123,2019-04-01,경기도,남양주시,30,Thank You Pay-N,249
133,2019-04-01,경기도,남양주시,40,Thank You Pay-N,473
137,2019-04-01,경기도,남양주시,50,Thank You Pay-N,169
140,2019-04-01,경기도,남양주시,60,Thank You Pay-N,22
143,2019-04-01,경기도,남양주시,70,Thank You Pay-N,8
144,2019-04-01,경기도,남양주시,80,Thank You Pay-N,1
719,2019-05-01,경기도,남양주시,10,Thank You Pay-N,35
720,2019-05-01,경기도,남양주시,20,Thank You Pay-N,592
721,2019-05-01,경기도,남양주시,30,Thank You Pay-N,2784
723,2019-05-01,경기도,남양주시,40,Thank You Pay-N,5492
726,2019-05-01,경기도,남양주시,50,Thank You Pay-N,2685
728,2019-05-01,경기도,남양주시,60,Thank You Pay-N,366
729,2019-05-01,경기도,남양주시,70,Thank You Pay-N,98
730,2019-05-01,경기도,남양주시,80,Thank You Pay-N,16
1709,2019-08-01,경기도,동두천시,10,동두천사랑카드,6
1710,2019-08-01,경기도,동두천시,20,동두천사랑카드,217
1712,2019-08-01,경기도,동두천시,30,동두천사랑카드,430
1713,2019-08-01,경기도,동두천시,40,동두천사랑카드,491
1715,2019-08-01,경기도,동두천시,50,동두천사랑카드,456
1716,2019-08-01,경기도,동두천시,60,동두천사랑카드,114
1717,2019-08-01,경기도,동두천시,70,동두천사랑카드,25
1718,2019-08-01,경기도,동두천시,80,동두천사랑카드,1
2039,2019-09-01,경기도,동두천시,10,동두천사랑카드,16
2040,2019-09-01,경기도,동두천시,20,동두천사랑카드,343
752,2019-05-01,경기도,부천시,60,부천페이,1308
753,2019-05-01,경기도,부천시,70,부천페이,155
754,2019-05-01,경기도,부천시,80,부천페이,33
1050,2019-06-01,경기도,부천시,10,부천페이,473
1051,2019-06-01,경기도,부천시,20,부천페이,6391
1054,2019-06-01,경기도,부천시,30,부천페이,15785
1055,2019-06-01,경기도,부천시,40,부천페이,20440
1058,2019-06-01,경기도,부천시,50,부천페이,10972
1062,2019-06-01,경기도,부천시,60,부천페이,3365
1065,2019-06-01,경기도,부천시,70,부천페이,305
1066,2019-06-01,경기도,부천시,80,부천페이,74
1383,2019-07-01,경기도,부천시,10,부천페이,834
1384,2019-07-01,경기도,부천시,20,부천페이,10899
1386,2019-07-01,경기도,부천시,30,부천페이,27743
1390,2019-07-01,경기도,부천시,40,부천페이,35123
1393,2019-07-01,경기도,부천시,50,부천페이,20107
1394,2019-07-01,경기도,부천시,60,부천페이,6495
1095,2019-06-01,경기도,수원시 장안구,50,수원페이,1969
1096,2019-06-01,경기도,수원시 장안구,60,수원페이,363
1097,2019-06-01,경기도,수원시 장안구,70,수원페이,50
1098,2019-06-01,경기도,수원시 장안구,80,수원페이,2
1099,2019-06-01,경기도,수원시 팔달구,10,수원페이,60
1100,2019-06-01,경기도,수원시 팔달구,20,수원페이,1038
1101,2019-06-01,경기도,수원시 팔달구,30,수원페이,1986
1102,2019-06-01,경기도,수원시 팔달구,40,수원페이,2466
1103,2019-06-01,경기도,수원시 팔달구,50,수원페이,1882
1104,2019-06-01,경기도,수원시 팔달구,60,수원페이,238
1105,2019-06-01,경기도,수원시 팔달구,70,수원페이,32
1403,2019-07-01,경기도,수원시 권선구,10,수원페이,59
1404,2019-07-01,경기도,수원시 권선구,20,수원페이,971
1405,2019-07-01,경기도,수원시 권선구,30,수원페이,2618
1406,2019-07-01,경기도,수원시 권선구,40,수원페이,3074
1407,2019-07-01,경기도,수원시 권선구,50,수원페이,2293
1408,2019-07-01,경기도,수원시 권선구,60,수원페이,343
1409,2019-07-01,경기도,수원시 권선구,70,수원페이,15
1410,2019-07-01,경기도,수원시 권선구,80,수원페이,2
1411,2019-07-01,경기도,수원시 영통구,10,수원페이,57
1412,2019-07-01,경기도,수원시 영통구,20,수원페이,1692
1414,2019-07-01,경기도,수원시 영통구,30,수원페이,4001
1417,2019-07-01,경기도,수원시 영통구,40,수원페이,4879
1420,2019-07-01,경기도,수원시 영통구,50,수원페이,2406
1424,2019-07-01,경기도,수원시 영통구,60,수원페이,315
1425,2019-07-01,경기도,수원시 영통구,70,수원페이,26
1426,2019-07-01,경기도,수원시 영통구,80,수원페이,6
1427,2019-07-01,경기도,수원시 장안구,10,수원페이,113
1429,2019-07-01,경기도,수원시 장안구,20,수원페이,1041
1430,2019-07-01,경기도,수원시 장안구,30,수원페이,2524
1432,2019-07-01,경기도,수원시 장안구,40,수원페이,3684
1433,2019-07-01,경기도,수원시 장안구,50,수원페이,2496
1434,2019-07-01,경기도,수원시 장안구,60,수원페이,392
1435,2019-07-01,경기도,수원시 장안구,70,수원페이,47
1436,2019-07-01,경기도,수원시 장안구,80,수원페이,1
1437,2019-07-01,경기도,수원시 팔달구,10,수원페이,77
1438,2019-07-01,경기도,수원시 팔달구,20,수원페이,1077
1439,2019-07-01,경기도,수원시 팔달구,30,수원페이,2285
1119,2019-06-01,경기도,안산시 단원구,70,안산사랑상품권 다온,45
1120,2019-06-01,경기도,안산시 단원구,80,안산사랑상품권 다온,18
1121,2019-06-01,경기도,안산시 상록구,10,안산사랑상품권 다온,38
1122,2019-06-01,경기도,안산시 상록구,20,안산사랑상품권 다온,1273
1123,2019-06-01,경기도,안산시 상록구,30,안산사랑상품권 다온,2380
1124,2019-06-01,경기도,안산시 상록구,40,안산사랑상품권 다온,3790
1125,2019-06-01,경기도,안산시 상록구,50,안산사랑상품권 다온,2837
1126,2019-06-01,경기도,안산시 상록구,60,안산사랑상품권 다온,547
1127,2019-06-01,경기도,안산시 상록구,70,안산사랑상품권 다온,71
1128,2019-06-01,경기도,안산시 상록구,80,안산사랑상품권 다온,2
1451,2019-07-01,경기도,안산시 단원구,10,안산사랑상품권 다온,227
1452,2019-07-01,경기도,안산시 단원구,20,안산사랑상품권 다온,3063
1453,2019-07-01,경기도,안산시 단원구,30,안산사랑상품권 다온,5823
1455,2019-07-01,경기도,안산시 단원구,40,안산사랑상품권 다온,9410
1456,2019-07-01,경기도,안산시 단원구,50,안산사랑상품권 다온,5444
1457,2019-07-01,경기도,안산시 단원구,60,안산사랑상품권 다온,778
1458,2019-07-01,경기도,안산시 단원구,70,안산사랑상품권 다온,97
1795,2019-08-01,경기도,안성시,20,안성사랑카드,270
1796,2019-08-01,경기도,안성시,30,안성사랑카드,1155
1797,2019-08-01,경기도,안성시,40,안성사랑카드,1724
1798,2019-08-01,경기도,안성시,50,안성사랑카드,876
1799,2019-08-01,경기도,안성시,60,안성사랑카드,232
1800,2019-08-01,경기도,안성시,70,안성사랑카드,74
1801,2019-08-01,경기도,안성시,80,안성사랑카드,2
2128,2019-09-01,경기도,안성시,10,안성사랑카드,92
1147,2019-06-01,경기도,양주시,50,양주사랑카드,2345
1148,2019-06-01,경기도,양주시,60,양주사랑카드,407
1150,2019-06-01,경기도,양주시,70,양주사랑카드,60
1151,2019-06-01,경기도,양주시,80,양주사랑카드,17
1477,2019-07-01,경기도,양주시,10,양주사랑카드,229
1478,2019-07-01,경기도,양주시,20,양주사랑카드,1109
1480,2019-07-01,경기도,양주시,30,양주사랑카드,5115
1482,2019-07-01,경기도,양주시,40,양주사랑카드,8242
1484,2019-07-01,경기도,양주시,50,양주사랑카드,3165
1487,2019-07-01,경기도,양주시,60,양주사랑카드,643
1488,2019-07-01,경기도,양주시,70,양주사랑카드,93
1489,2019-07-01,경기도,양주시,80,양주사랑카드,8
408,2019-04-01,경기도,양평군,50,양평통보,774
409,2019-04-01,경기도,양평군,60,양평통보,195
410,2019-04-01,경기도,양평군,70,양평통보,17
841,2019-05-01,경기도,양평군,10,양평통보,104
842,2019-05-01,경기도,양평군,20,양평통보,809
843,2019-05-01,경기도,양평군,30,양평통보,3652
844,2019-05-01,경기도,양평군,40,양평통보,5453
845,2019-05-01,경기도,양평군,50,양평통보,3542
1162,2019-06-01,경기도,여주시,30,여주사랑카드,350
1163,2019-06-01,경기도,여주시,40,여주사랑카드,747
1164,2019-06-01,경기도,여주시,50,여주사랑카드,398
1165,2019-06-01,경기도,여주시,60,여주사랑카드,54
1166,2019-06-01,경기도,여주시,70,여주사랑카드,5
1499,2019-07-01,경기도,여주시,10,여주사랑카드,11
1500,2019-07-01,경기도,여주시,20,여주사랑카드,230
1167,2019-06-01,경기도,연천군,10,연천사랑상품권,16
1168,2019-06-01,경기도,연천군,20,연천사랑상품권,300
1169,2019-06-01,경기도,연천군,30,연천사랑상품권,663
1170,2019-06-01,경기도,연천군,40,연천사랑상품권,1163
1171,2019-06-01,경기도,연천군,50,연천사랑상품권,823
1172,2019-06-01,경기도,연천군,60,연천사랑상품권,167
1173,2019-06-01,경기도,연천군,70,연천사랑상품권,29
1180,2019-06-01,경기도,오산시,40,오산화폐 오색전,2488
1181,2019-06-01,경기도,오산시,50,오산화폐 오색전,1364
1182,2019-06-01,경기도,오산시,60,오산화폐 오색전,365
1184,2019-06-01,경기도,오산시,70,오산화폐 오색전,52
1185,2019-06-01,경기도,오산시,80,오산화폐 오색전,6
1514,2019-07-01,경기도,오산시,10,오산화폐 오색전,95
1515,2019-07-01,경기도,오산시,20,오산화폐 오색전,609
1517,2019-07-01,경기도,오산시,30,오산화폐 오색전,1838
1518,2019-07-01,경기도,오산시,40,오산화폐 오색전,2755
1520,2019-07-01,경기도,오산시,50,오산화폐 오색전,1574
1521,2019-07-01,경기도,오산시,60,오산화폐 오색전,389
1523,2019-07-01,경기도,오산시,70,오산화폐 오색전,66
2186,2019-09-01,경기도,용인시 기흥구,30,용인와이페이,3874
2195,2019-09-01,경기도,용인시 수지구,30,용인와이페이,3601
2205,2019-09-01,경기도,용인시 처인구,30,용인와이페이,2796
453,2019-04-01,경기도,용인시 기흥구,40,용인와이페이,306
463,2019-04-01,경기도,용인시 수지구,40,용인와이페이,223
474,2019-04-01,경기도,용인시 처인구,40,용인와이페이,206
871,2019-05-01,경기도,용인시 기흥구,40,용인와이페이,1708
880,2019-05-01,경기도,용인시 수지구,40,용인와이페이,1294
889,2019-05-01,경기도,용인시 처인구,40,용인와이페이,1035
1190,2019-06-01,경기도,용인시 기흥구,40,용인와이페이,3469
1199,2019-06-01,경기도,용인시 수지구,40,용인와이페이,2506
1209,2019-06-01,경기도,용인시 처인구,40,용인와이페이,1573
1528,2019-07-01,경기도,용인시 기흥구,40,용인와이페이,4008
1536,2019-07-01,경기도,용인시 수지구,40,용인와이페이,2981
1546,2019-07-01,경기도,용인시 처인구,40,용인와이페이,2055
1854,2019-08-01,경기도,용인시 기흥구,40,용인와이페이,3351
1862,2019-08-01,경기도,용인시 수지구,40,용인와이페이,2588
1871,2019-08-01,경기도,용인시 처인구,40,용인와이페이,1662
2187,2019-09-01,경기도,용인시 기흥구,40,용인와이페이,7224
2197,2019-09-01,경기도,용인시 수지구,40,용인와이페이,6340
2206,2019-09-01,경기도,용인시 처인구,40,용인와이페이,3436
457,2019-04-01,경기도,용인시 기흥구,50,용인와이페이,93
464,2019-04-01,경기도,용인시 수지구,50,용인와이페이,38
483,2019-04-01,경기도,용인시 처인구,50,용인와이페이,63
872,2019-05-01,경기도,용인시 기흥구,50,용인와이페이,628
882,2019-05-01,경기도,용인시 수지구,50,용인와이페이,354
890,2019-05-01,경기도,용인시 처인구,50,용인와이페이,373
1191,2019-06-01,경기도,용인시 기흥구,50,용인와이페이,1229
1200,2019-06-01,경기도,용인시 수지구,50,용인와이페이,709
899,2019-05-01,경기도,의정부시,50,의정부사랑카드,1804
901,2019-05-01,경기도,의정부시,60,의정부사랑카드,365
902,2019-05-01,경기도,의정부시,70,의정부사랑카드,56
1215,2019-06-01,경기도,의정부시,10,의정부사랑카드,100
1216,2019-06-01,경기도,의정부시,20,의정부사랑카드,1485
1217,2019-06-01,경기도,의정부시,30,의정부사랑카드,3149
1220,2019-06-01,경기도,의정부시,40,의정부사랑카드,5196
1221,2019-06-01,경기도,의정부시,50,의정부사랑카드,3051
1222,2019-06-01,경기도,의정부시,60,의정부사랑카드,561
1223,2019-06-01,경기도,의정부시,70,의정부사랑카드,87
1224,2019-06-01,경기도,의정부시,80,의정부사랑카드,2
1231,2019-06-01,경기도,이천시,40,이천사랑지역화폐,893
1232,2019-06-01,경기도,이천시,50,이천사랑지역화폐,412
1233,2019-06-01,경기도,이천시,60,이천사랑지역화폐,76
1234,2019-06-01,경기도,이천시,70,이천사랑지역화폐,10
1235,2019-06-01,경기도,이천시,80,이천사랑지역화폐,5
1564,2019-07-01,경기도,이천시,10,이천사랑지역화폐,75
1565,2019-07-01,경기도,이천시,20,이천사랑지역화폐,582
1566,2019-07-01,경기도,이천시,30,이천사랑지역화폐,1155
1567,2019-07-01,경기도,이천시,40,이천사랑지역화폐,1390
1569,2019-07-01,경기도,이천시,50,이천사랑지역화폐,672
564,2019-04-01,경기도,파주시,40,파주 Pay(파주페이),12
566,2019-04-01,경기도,파주시,50,파주 Pay(파주페이),1
567,2019-04-01,경기도,파주시,60,파주 Pay(파주페이),2
913,2019-05-01,경기도,파주시,30,파주 Pay(파주페이),9
914,2019-05-01,경기도,파주시,40,파주 Pay(파주페이),10
916,2019-05-01,경기도,파주시,50,파주 Pay(파주페이),3
917,2019-05-01,경기도,파주시,60,파주 Pay(파주페이),1
1236,2019-06-01,경기도,파주시,10,파주 Pay(파주페이),11
1237,2019-06-01,경기도,파주시,20,파주 Pay(파주페이),148
1239,2019-06-01,경기도,파주시,30,파주 Pay(파주페이),402
1253,2019-06-01,경기도,하남시,10,하남하머니,207
1254,2019-06-01,경기도,하남시,20,하남하머니,1909
1255,2019-06-01,경기도,하남시,30,하남하머니,9536
1256,2019-06-01,경기도,하남시,40,하남하머니,12400
1257,2019-06-01,경기도,하남시,50,하남하머니,4344
1258,2019-06-01,경기도,하남시,60,하남하머니,1568
1259,2019-06-01,경기도,하남시,70,하남하머니,305
1260,2019-06-01,경기도,하남시,80,하남하머니,14
1927,2019-08-01,경기도,화성시,30,행복화성지역화폐,18711
1931,2019-08-01,경기도,화성시,40,행복화성지역화폐,25360
1934,2019-08-01,경기도,화성시,50,행복화성지역화폐,4785
1937,2019-08-01,경기도,화성시,60,행복화성지역화폐,936
1938,2019-08-01,경기도,화성시,70,행복화성지역화폐,130
1939,2019-08-01,경기도,화성시,80,행복화성지역화폐,28
2256,2019-09-01,경기도,화성시,10,행복화성지역화폐,538
2259,2019-09-01,경기도,화성시,20,행복화성지역화폐,4263
2261,2019-09-01,경기도,화성시,30,행복화성지역화폐,27405
2267,2019-09-01,경기도,화성시,40,행복화성지역화폐,37792
2270,2019-09-01,경기도,화성시,50,행복화성지역화폐,7051
2271,2019-09-01,경기도,화성시,60,행복화성지역화폐,1323
2273,2019-09-01,경기도,화성시,70,행복화성지역화폐,157
2274,2019-09-01,경기도,화성시,80,행복화성지역화폐,38
1283,2019-07-01,경기도,가평군,30,가평사랑상품권,494
1284,2019-07-01,경기도,가평군,40,가평사랑상품권,787
1285,2019-07-01,경기도,가평군,50,가평사랑상품권,813
1286,2019-07-01,경기도,가평군,60,가평사랑상품권,110
1287,2019-07-01,경기도,가평군,70,가평사랑상품권,27
1621,2019-08-01,경기도,가평군,10,가평사랑상품권,23
1622,2019-08-01,경기도,가평군,20,가평사랑상품권,140
964,2019-06-01,경기도,고양시 덕양구,70,고양페이카드,17
1288,2019-07-01,경기도,고양시 덕양구,10,고양페이카드,166
1289,2019-07-01,경기도,고양시 덕양구,20,고양페이카드,1573
1290,2019-07-01,경기도,고양시 덕양구,30,고양페이카드,5434
1291,2019-07-01,경기도,고양시 덕양구,40,고양페이카드,8437
1292,2019-07-01,경기도,고양시 덕양구,50,고양페이카드,4730
1293,2019-07-01,경기도,고양시 덕양구,60,고양페이카드,779
1637,2019-08-01,경기도,고양시 일산동구,20,고양페이카드,2796
1638,2019-08-01,경기도,고양시 일산동구,30,고양페이카드,4921
1639,2019-08-01,경기도,고양시 일산동구,40,고양페이카드,8439
1640,2019-08-01,경기도,고양시 일산동구,50,고양페이카드,4197
1641,2019-08-01,경기도,고양시 일산동구,60,고양페이카드,718
1642,2019-08-01,경기도,고양시 일산동구,70,고양페이카드,78
1643,2019-08-01,경기도,고양시 일산동구,80,고양페이카드,14
1958,2019-09-01,경기도,고양시 일산동구,10,고양페이카드,331
1959,2019-09-01,경기도,고양시 일산동구,20,고양페이카드,4312
1973,2019-09-01,경기도,고양시 일산서구,40,고양페이카드,13987
1976,2019-09-01,경기도,고양시 일산서구,50,고양페이카드,7117
1977,2019-09-01,경기도,고양시 일산서구,60,고양페이카드,1437
1978,2019-09-01,경기도,고양시 일산서구,70,고양페이카드,206
1979,2019-09-01,경기도,고양시 일산서구,80,고양페이카드,34
1316,2019-07-01,경기도,과천시,20,과천화폐 과천토리,483
1317,2019-07-01,경기도,과천시,30,과천화폐 과천토리,1375
1318,2019-07-01,경기도,과천시,40,과천화폐 과천토리,2465
1319,2019-07-01,경기도,과천시,50,과천화폐 과천토리,1560
1320,2019-07-01,경기도,과천시,60,과천화폐 과천토리,242
1321,2019-07-01,경기도,과천시,70,과천화폐 과천토리,89
1322,2019-07-01,경기도,과천시,90,과천화폐 과천토리,15
1653,2019-08-01,경기도,과천시,10,과천화폐 과천토리,75
1323,2019-07-01,경기도,광명시,10,광명사랑화폐,117
1324,2019-07-01,경기도,광명시,20,광명사랑화폐,1230
1325,2019-07-01,경기도,광명시,30,광명사랑화폐,3573
1326,2019-07-01,경기도,광명시,40,광명사랑화폐,7435
1327,2019-07-01,경기도,광명시,50,광명사랑화폐,4444
1328,2019-07-01,경기도,광명시,60,광명사랑화폐,1160
1329,2019-07-01,경기도,광명시,70,광명사랑화폐,197
1330,2019-07-01,경기도,광명시,80,광명사랑화폐,16
1999,2019-09-01,경기도,광주시,30,광주사랑카드,3367
2000,2019-09-01,경기도,광주시,40,광주사랑카드,4803
2001,2019-09-01,경기도,광주시,50,광주사랑카드,2224
2002,2019-09-01,경기도,광주시,60,광주사랑카드,434
2003,2019-09-01,경기도,광주시,70,광주사랑카드,46
2004,2019-09-01,경기도,광주시,80,광주사랑카드,1
1344,2019-07-01,경기도,구리시,50,구리사랑카드,1611
1345,2019-07-01,경기도,구리시,60,구리사랑카드,256
1346,2019-07-01,경기도,구리시,70,구리사랑카드,63
1347,2019-07-01,경기도,구리시,80,구리사랑카드,3
1677,2019-08-01,경기도,구리시,10,구리사랑카드,35
1678,2019-08-01,경기도,구리시,20,구리사랑카드,425
1679,2019-08-01,경기도,구리시,30,구리사랑카드,1393
1680,2019-08-01,경기도,구리시,40,구리사랑카드,2207
1022,2019-06-01,경기도,군포시,50,군포愛머니,10497
1023,2019-06-01,경기도,군포시,60,군포愛머니,3792
1024,2019-06-01,경기도,군포시,70,군포愛머니,1032
1025,2019-06-01,경기도,군포시,80,군포愛머니,129
1348,2019-07-01,경기도,군포시,10,군포愛머니,797
1349,2019-07-01,경기도,군포시,20,군포愛머니,4950
1350,2019-07-01,경기도,군포시,30,군포愛머니,12811
1351,2019-07-01,경기도,군포시,40,군포愛머니,24823
1355,2019-07-01,경기도,군포시,50,군포愛머니,15041
1356,2019-07-01,경기도,군포시,60,군포愛머니,5021
1357,2019-07-01,경기도,군포시,70,군포愛머니,1360
731,2019-05-01,경기도,남양주시,90,Thank You Pay-N,1
1026,2019-06-01,경기도,남양주시,10,Thank You Pay-N,91
1028,2019-06-01,경기도,남양주시,20,Thank You Pay-N,1071
1029,2019-06-01,경기도,남양주시,30,Thank You Pay-N,5317
1032,2019-06-01,경기도,남양주시,40,Thank You Pay-N,9906
1035,2019-06-01,경기도,남양주시,50,Thank You Pay-N,4777
1036,2019-06-01,경기도,남양주시,60,Thank You Pay-N,855
1037,2019-06-01,경기도,남양주시,70,Thank You Pay-N,156
1038,2019-06-01,경기도,남양주시,80,Thank You Pay-N,17
1039,2019-06-01,경기도,남양주시,90,Thank You Pay-N,6
1360,2019-07-01,경기도,남양주시,10,Thank You Pay-N,54
2041,2019-09-01,경기도,동두천시,30,동두천사랑카드,879
2044,2019-09-01,경기도,동두천시,40,동두천사랑카드,1329
2046,2019-09-01,경기도,동두천시,50,동두천사랑카드,780
2048,2019-09-01,경기도,동두천시,60,동두천사랑카드,311
2050,2019-09-01,경기도,동두천시,70,동두천사랑카드,54
2051,2019-09-01,경기도,동두천시,80,동두천사랑카드,3
1396,2019-07-01,경기도,부천시,70,부천페이,607
1399,2019-07-01,경기도,부천시,80,부천페이,125
1719,2019-08-01,경기도,부천시,10,부천페이,677
1721,2019-08-01,경기도,부천시,20,부천페이,10911
1723,2019-08-01,경기도,부천시,30,부천페이,27185
1727,2019-08-01,경기도,부천시,40,부천페이,33862
1728,2019-08-01,경기도,부천시,50,부천페이,19593
1733,2019-08-01,경기도,부천시,60,부천페이,6500
1734,2019-08-01,경기도,부천시,70,부천페이,778
1735,2019-08-01,경기도,부천시,80,부천페이,99
2052,2019-09-01,경기도,부천시,10,부천페이,1220
2054,2019-09-01,경기도,부천시,20,부천페이,17628
2056,2019-09-01,경기도,부천시,30,부천페이,40685
2057,2019-09-01,경기도,부천시,40,부천페이,53397
2059,2019-09-01,경기도,부천시,50,부천페이,32070
2062,2019-09-01,경기도,부천시,60,부천페이,10592
2063,2019-09-01,경기도,부천시,70,부천페이,1374
2064,2019-09-01,경기도,부천시,80,부천페이,176
1440,2019-07-01,경기도,수원시 팔달구,40,수원페이,2753
1441,2019-07-01,경기도,수원시 팔달구,50,수원페이,2301
1442,2019-07-01,경기도,수원시 팔달구,60,수원페이,262
1443,2019-07-01,경기도,수원시 팔달구,70,수원페이,30
1444,2019-07-01,경기도,수원시 팔달구,80,수원페이,1
1740,2019-08-01,경기도,수원시 권선구,10,수원페이,33
1742,2019-08-01,경기도,수원시 권선구,20,수원페이,1056
1743,2019-08-01,경기도,수원시 권선구,30,수원페이,3148
1744,2019-08-01,경기도,수원시 권선구,40,수원페이,3431
1745,2019-08-01,경기도,수원시 권선구,50,수원페이,2216
1746,2019-08-01,경기도,수원시 권선구,60,수원페이,318
1747,2019-08-01,경기도,수원시 권선구,70,수원페이,19
1748,2019-08-01,경기도,수원시 영통구,10,수원페이,94
1749,2019-08-01,경기도,수원시 영통구,20,수원페이,1947
1750,2019-08-01,경기도,수원시 영통구,30,수원페이,4756
1754,2019-08-01,경기도,수원시 영통구,40,수원페이,5556
1755,2019-08-01,경기도,수원시 영통구,50,수원페이,2416
1756,2019-08-01,경기도,수원시 영통구,60,수원페이,340
1757,2019-08-01,경기도,수원시 영통구,70,수원페이,24
1758,2019-08-01,경기도,수원시 영통구,80,수원페이,22
1759,2019-08-01,경기도,수원시 장안구,10,수원페이,115
1760,2019-08-01,경기도,수원시 장안구,20,수원페이,1289
1761,2019-08-01,경기도,수원시 장안구,30,수원페이,2639
1762,2019-08-01,경기도,수원시 장안구,40,수원페이,4315
1763,2019-08-01,경기도,수원시 장안구,50,수원페이,2404
1764,2019-08-01,경기도,수원시 장안구,60,수원페이,363
1765,2019-08-01,경기도,수원시 장안구,70,수원페이,92
1766,2019-08-01,경기도,수원시 장안구,80,수원페이,1
1767,2019-08-01,경기도,수원시 팔달구,10,수원페이,89
1768,2019-08-01,경기도,수원시 팔달구,20,수원페이,1272
1769,2019-08-01,경기도,수원시 팔달구,30,수원페이,2602
1770,2019-08-01,경기도,수원시 팔달구,40,수원페이,2866
1771,2019-08-01,경기도,수원시 팔달구,50,수원페이,2274
1772,2019-08-01,경기도,수원시 팔달구,60,수원페이,291
1773,2019-08-01,경기도,수원시 팔달구,70,수원페이,41
1774,2019-08-01,경기도,수원시 팔달구,80,수원페이,4
2069,2019-09-01,경기도,수원시 권선구,10,수원페이,111
2070,2019-09-01,경기도,수원시 권선구,20,수원페이,1370
2071,2019-09-01,경기도,수원시 권선구,30,수원페이,4211
2073,2019-09-01,경기도,수원시 권선구,40,수원페이,4909
2074,2019-09-01,경기도,수원시 권선구,50,수원페이,2847
2075,2019-09-01,경기도,수원시 권선구,60,수원페이,431
1459,2019-07-01,경기도,안산시 단원구,80,안산사랑상품권 다온,29
1460,2019-07-01,경기도,안산시 상록구,10,안산사랑상품권 다온,85
1461,2019-07-01,경기도,안산시 상록구,20,안산사랑상품권 다온,1615
1462,2019-07-01,경기도,안산시 상록구,30,안산사랑상품권 다온,3501
1463,2019-07-01,경기도,안산시 상록구,40,안산사랑상품권 다온,5535
1464,2019-07-01,경기도,안산시 상록구,50,안산사랑상품권 다온,4202
1465,2019-07-01,경기도,안산시 상록구,60,안산사랑상품권 다온,939
1466,2019-07-01,경기도,안산시 상록구,70,안산사랑상품권 다온,144
1467,2019-07-01,경기도,안산시 상록구,80,안산사랑상품권 다온,3
1778,2019-08-01,경기도,안산시 단원구,10,안산사랑상품권 다온,216
1779,2019-08-01,경기도,안산시 단원구,20,안산사랑상품권 다온,2578
1780,2019-08-01,경기도,안산시 단원구,30,안산사랑상품권 다온,4573
1781,2019-08-01,경기도,안산시 단원구,40,안산사랑상품권 다온,7202
1782,2019-08-01,경기도,안산시 단원구,50,안산사랑상품권 다온,4412
1783,2019-08-01,경기도,안산시 단원구,60,안산사랑상품권 다온,853
1784,2019-08-01,경기도,안산시 단원구,70,안산사랑상품권 다온,67
1785,2019-08-01,경기도,안산시 단원구,80,안산사랑상품권 다온,20
2129,2019-09-01,경기도,안성시,20,안성사랑카드,679
2130,2019-09-01,경기도,안성시,30,안성사랑카드,2017
2131,2019-09-01,경기도,안성시,40,안성사랑카드,3214
2132,2019-09-01,경기도,안성시,50,안성사랑카드,1328
2133,2019-09-01,경기도,안성시,60,안성사랑카드,394
2134,2019-09-01,경기도,안성시,70,안성사랑카드,85
2135,2019-09-01,경기도,안성시,80,안성사랑카드,5
1802,2019-08-01,경기도,양주시,10,양주사랑카드,215
1803,2019-08-01,경기도,양주시,20,양주사랑카드,952
1804,2019-08-01,경기도,양주시,30,양주사랑카드,4487
1805,2019-08-01,경기도,양주시,40,양주사랑카드,7313
1806,2019-08-01,경기도,양주시,50,양주사랑카드,2793
1807,2019-08-01,경기도,양주시,60,양주사랑카드,615
1808,2019-08-01,경기도,양주시,70,양주사랑카드,78
1809,2019-08-01,경기도,양주시,80,양주사랑카드,8
2136,2019-09-01,경기도,양주시,10,양주사랑카드,348
2137,2019-09-01,경기도,양주시,20,양주사랑카드,1325
2139,2019-09-01,경기도,양주시,30,양주사랑카드,5990
2140,2019-09-01,경기도,양주시,40,양주사랑카드,10274
2142,2019-09-01,경기도,양주시,50,양주사랑카드,4046
846,2019-05-01,경기도,양평군,60,양평통보,848
847,2019-05-01,경기도,양평군,70,양평통보,154
1152,2019-06-01,경기도,양평군,10,양평통보,234
1153,2019-06-01,경기도,양평군,20,양평통보,1097
1154,2019-06-01,경기도,양평군,30,양평통보,5193
1155,2019-06-01,경기도,양평군,40,양평통보,9249
1156,2019-06-01,경기도,양평군,50,양평통보,5897
1157,2019-06-01,경기도,양평군,60,양평통보,1498
1158,2019-06-01,경기도,양평군,70,양평통보,331
1501,2019-07-01,경기도,여주시,30,여주사랑카드,632
1502,2019-07-01,경기도,여주시,40,여주사랑카드,1010
1503,2019-07-01,경기도,여주시,50,여주사랑카드,535
1504,2019-07-01,경기도,여주시,60,여주사랑카드,100
1505,2019-07-01,경기도,여주시,70,여주사랑카드,13
1824,2019-08-01,경기도,여주시,10,여주사랑카드,12
1825,2019-08-01,경기도,여주시,20,여주사랑카드,226
1506,2019-07-01,경기도,연천군,10,연천사랑상품권,51
1507,2019-07-01,경기도,연천군,20,연천사랑상품권,573
1508,2019-07-01,경기도,연천군,30,연천사랑상품권,1655
1509,2019-07-01,경기도,연천군,40,연천사랑상품권,2465
1510,2019-07-01,경기도,연천군,50,연천사랑상품권,1579
1511,2019-07-01,경기도,연천군,60,연천사랑상품권,442
1512,2019-07-01,경기도,연천군,70,연천사랑상품권,72
1513,2019-07-01,경기도,연천군,80,연천사랑상품권,2
1524,2019-07-01,경기도,오산시,80,오산화폐 오색전,6
1839,2019-08-01,경기도,오산시,10,오산화폐 오색전,83
1841,2019-08-01,경기도,오산시,20,오산화폐 오색전,636
1843,2019-08-01,경기도,오산시,30,오산화폐 오색전,1481
1846,2019-08-01,경기도,오산시,40,오산화폐 오색전,2324
1847,2019-08-01,경기도,오산시,50,오산화폐 오색전,1086
1848,2019-08-01,경기도,오산시,60,오산화폐 오색전,331
1849,2019-08-01,경기도,오산시,70,오산화폐 오색전,43
1850,2019-08-01,경기도,오산시,80,오산화폐 오색전,3
2176,2019-09-01,경기도,오산시,10,오산화폐 오색전,189
2177,2019-09-01,경기도,오산시,20,오산화폐 오색전,1218
1210,2019-06-01,경기도,용인시 처인구,50,용인와이페이,779
1529,2019-07-01,경기도,용인시 기흥구,50,용인와이페이,1463
1537,2019-07-01,경기도,용인시 수지구,50,용인와이페이,915
1548,2019-07-01,경기도,용인시 처인구,50,용인와이페이,915
1855,2019-08-01,경기도,용인시 기흥구,50,용인와이페이,1243
1863,2019-08-01,경기도,용인시 수지구,50,용인와이페이,795
1873,2019-08-01,경기도,용인시 처인구,50,용인와이페이,678
2189,2019-09-01,경기도,용인시 기흥구,50,용인와이페이,2398
2198,2019-09-01,경기도,용인시 수지구,50,용인와이페이,1626
2208,2019-09-01,경기도,용인시 처인구,50,용인와이페이,1450
459,2019-04-01,경기도,용인시 기흥구,60,용인와이페이,21
465,2019-04-01,경기도,용인시 수지구,60,용인와이페이,8
485,2019-04-01,경기도,용인시 처인구,60,용인와이페이,18
874,2019-05-01,경기도,용인시 기흥구,60,용인와이페이,130
883,2019-05-01,경기도,용인시 수지구,60,용인와이페이,58
891,2019-05-01,경기도,용인시 처인구,60,용인와이페이,57
1192,2019-06-01,경기도,용인시 기흥구,60,용인와이페이,220
1201,2019-06-01,경기도,용인시 수지구,60,용인와이페이,124
1211,2019-06-01,경기도,용인시 처인구,60,용인와이페이,144
1530,2019-07-01,경기도,용인시 기흥구,60,용인와이페이,307
1538,2019-07-01,경기도,용인시 수지구,60,용인와이페이,197
1549,2019-07-01,경기도,용인시 처인구,60,용인와이페이,162
1856,2019-08-01,경기도,용인시 기흥구,60,용인와이페이,237
1864,2019-08-01,경기도,용인시 수지구,60,용인와이페이,159
1874,2019-08-01,경기도,용인시 처인구,60,용인와이페이,176
2190,2019-09-01,경기도,용인시 기흥구,60,용인와이페이,414
2199,2019-09-01,경기도,용인시 수지구,60,용인와이페이,331
1225,2019-06-01,경기도,의정부시,90,의정부사랑카드,5
1552,2019-07-01,경기도,의정부시,10,의정부사랑카드,98
1553,2019-07-01,경기도,의정부시,20,의정부사랑카드,1496
1555,2019-07-01,경기도,의정부시,30,의정부사랑카드,3640
1556,2019-07-01,경기도,의정부시,40,의정부사랑카드,5628
1559,2019-07-01,경기도,의정부시,50,의정부사랑카드,3570
1560,2019-07-01,경기도,의정부시,60,의정부사랑카드,796
1561,2019-07-01,경기도,의정부시,70,의정부사랑카드,147
1562,2019-07-01,경기도,의정부시,80,의정부사랑카드,6
1563,2019-07-01,경기도,의정부시,90,의정부사랑카드,5
1877,2019-08-01,경기도,의정부시,10,의정부사랑카드,125
1878,2019-08-01,경기도,의정부시,20,의정부사랑카드,1708
1570,2019-07-01,경기도,이천시,60,이천사랑지역화폐,148
1571,2019-07-01,경기도,이천시,70,이천사랑지역화폐,21
1572,2019-07-01,경기도,이천시,80,이천사랑지역화폐,8
1889,2019-08-01,경기도,이천시,10,이천사랑지역화폐,51
1890,2019-08-01,경기도,이천시,20,이천사랑지역화폐,581
1893,2019-08-01,경기도,이천시,30,이천사랑지역화폐,1440
1895,2019-08-01,경기도,이천시,40,이천사랑지역화폐,1644
1896,2019-08-01,경기도,이천시,50,이천사랑지역화폐,742
1897,2019-08-01,경기도,이천시,60,이천사랑지역화폐,131
1240,2019-06-01,경기도,파주시,40,파주 Pay(파주페이),592
1242,2019-06-01,경기도,파주시,50,파주 Pay(파주페이),187
1243,2019-06-01,경기도,파주시,60,파주 Pay(파주페이),31
1244,2019-06-01,경기도,파주시,70,파주 Pay(파주페이),1
1245,2019-06-01,경기도,파주시,80,파주 Pay(파주페이),1
1573,2019-07-01,경기도,파주시,10,파주 Pay(파주페이),75
1574,2019-07-01,경기도,파주시,20,파주 Pay(파주페이),914
1576,2019-07-01,경기도,파주시,30,파주 Pay(파주페이),4073
1577,2019-07-01,경기도,파주시,40,파주 Pay(파주페이),5358
1580,2019-07-01,경기도,파주시,50,파주 Pay(파주페이),1572
1581,2019-07-01,경기도,파주시,60,파주 Pay(파주페이),244
1583,2019-07-01,경기도,파주시,70,파주 Pay(파주페이),36
1590,2019-07-01,경기도,하남시,10,하남하머니,240
1591,2019-07-01,경기도,하남시,20,하남하머니,2335
1592,2019-07-01,경기도,하남시,30,하남하머니,12795
1593,2019-07-01,경기도,하남시,40,하남하머니,16912
1594,2019-07-01,경기도,하남시,50,하남하머니,6142
1595,2019-07-01,경기도,하남시,60,하남하머니,2460
1596,2019-07-01,경기도,하남시,70,하남하머니,476
1597,2019-07-01,경기도,하남시,80,하남하머니,52
1623,2019-08-01,경기도,가평군,30,가평사랑상품권,472
1624,2019-08-01,경기도,가평군,40,가평사랑상품권,754
1625,2019-08-01,경기도,가평군,50,가평사랑상품권,770
1626,2019-08-01,경기도,가평군,60,가평사랑상품권,102
1627,2019-08-01,경기도,가평군,70,가평사랑상품권,17
1940,2019-09-01,경기도,가평군,10,가평사랑상품권,67
1941,2019-09-01,경기도,가평군,20,가평사랑상품권,291
1294,2019-07-01,경기도,고양시 덕양구,70,고양페이카드,96
1628,2019-08-01,경기도,고양시 덕양구,10,고양페이카드,242
1629,2019-08-01,경기도,고양시 덕양구,20,고양페이카드,2146
1630,2019-08-01,경기도,고양시 덕양구,30,고양페이카드,7279
1631,2019-08-01,경기도,고양시 덕양구,40,고양페이카드,11784
1632,2019-08-01,경기도,고양시 덕양구,50,고양페이카드,5553
1633,2019-08-01,경기도,고양시 덕양구,60,고양페이카드,1085
1634,2019-08-01,경기도,고양시 덕양구,70,고양페이카드,170
1961,2019-09-01,경기도,고양시 일산동구,30,고양페이카드,7552
1963,2019-09-01,경기도,고양시 일산동구,40,고양페이카드,13175
1964,2019-09-01,경기도,고양시 일산동구,50,고양페이카드,6365
1965,2019-09-01,경기도,고양시 일산동구,60,고양페이카드,1135
1966,2019-09-01,경기도,고양시 일산동구,70,고양페이카드,105
1967,2019-09-01,경기도,고양시 일산동구,80,고양페이카드,15
1968,2019-09-01,경기도,고양시 일산동구,90,고양페이카드,6
1654,2019-08-01,경기도,과천시,20,과천화폐 과천토리,359
1655,2019-08-01,경기도,과천시,30,과천화폐 과천토리,1115
1656,2019-08-01,경기도,과천시,40,과천화폐 과천토리,2299
1657,2019-08-01,경기도,과천시,50,과천화폐 과천토리,1320
1658,2019-08-01,경기도,과천시,60,과천화폐 과천토리,201
1659,2019-08-01,경기도,과천시,70,과천화폐 과천토리,50
1660,2019-08-01,경기도,과천시,90,과천화폐 과천토리,10
1980,2019-09-01,경기도,과천시,10,과천화폐 과천토리,200
1661,2019-08-01,경기도,광명시,10,광명사랑화폐,160
1662,2019-08-01,경기도,광명시,20,광명사랑화폐,1379
1663,2019-08-01,경기도,광명시,30,광명사랑화폐,3899
1664,2019-08-01,경기도,광명시,40,광명사랑화폐,7615
1665,2019-08-01,경기도,광명시,50,광명사랑화폐,4231
1666,2019-08-01,경기도,광명시,60,광명사랑화폐,1166
1667,2019-08-01,경기도,광명시,70,광명사랑화폐,137
1668,2019-08-01,경기도,광명시,80,광명사랑화폐,15
1681,2019-08-01,경기도,구리시,50,구리사랑카드,1282
1682,2019-08-01,경기도,구리시,60,구리사랑카드,262
1683,2019-08-01,경기도,구리시,70,구리사랑카드,38
1684,2019-08-01,경기도,구리시,80,구리사랑카드,5
2005,2019-09-01,경기도,구리시,10,구리사랑카드,86
2006,2019-09-01,경기도,구리시,20,구리사랑카드,706
2007,2019-09-01,경기도,구리시,30,구리사랑카드,2594
2008,2019-09-01,경기도,구리시,40,구리사랑카드,4501
1358,2019-07-01,경기도,군포시,80,군포愛머니,205
1685,2019-08-01,경기도,군포시,10,군포愛머니,596
1686,2019-08-01,경기도,군포시,20,군포愛머니,3116
1688,2019-08-01,경기도,군포시,30,군포愛머니,9357
1690,2019-08-01,경기도,군포시,40,군포愛머니,17780
1692,2019-08-01,경기도,군포시,50,군포愛머니,11133
1693,2019-08-01,경기도,군포시,60,군포愛머니,4111
1694,2019-08-01,경기도,군포시,70,군포愛머니,1058
1695,2019-08-01,경기도,군포시,80,군포愛머니,184
2013,2019-09-01,경기도,군포시,10,군포愛머니,925
2014,2019-09-01,경기도,군포시,20,군포愛머니,5753
1362,2019-07-01,경기도,남양주시,20,Thank You Pay-N,1177
1363,2019-07-01,경기도,남양주시,30,Thank You Pay-N,5194
1364,2019-07-01,경기도,남양주시,40,Thank You Pay-N,10223
1366,2019-07-01,경기도,남양주시,50,Thank You Pay-N,5373
1367,2019-07-01,경기도,남양주시,60,Thank You Pay-N,1100
1368,2019-07-01,경기도,남양주시,70,Thank You Pay-N,216
1369,2019-07-01,경기도,남양주시,80,Thank You Pay-N,19
1370,2019-07-01,경기도,남양주시,90,Thank You Pay-N,7
1697,2019-08-01,경기도,남양주시,10,Thank You Pay-N,104
1698,2019-08-01,경기도,남양주시,20,Thank You Pay-N,966
1699,2019-08-01,경기도,남양주시,30,Thank You Pay-N,3937
1701,2019-08-01,경기도,남양주시,40,Thank You Pay-N,7517
2065,2019-09-01,경기도,부천시,90,부천페이,2
2076,2019-09-01,경기도,수원시 권선구,70,수원페이,45
2077,2019-09-01,경기도,수원시 권선구,80,수원페이,1
2078,2019-09-01,경기도,수원시 영통구,10,수원페이,142
2079,2019-09-01,경기도,수원시 영통구,20,수원페이,2484
2080,2019-09-01,경기도,수원시 영통구,30,수원페이,6875
2082,2019-09-01,경기도,수원시 영통구,40,수원페이,8220
2086,2019-09-01,경기도,수원시 영통구,50,수원페이,3167
2087,2019-09-01,경기도,수원시 영통구,60,수원페이,546
2088,2019-09-01,경기도,수원시 영통구,70,수원페이,44
2089,2019-09-01,경기도,수원시 영통구,80,수원페이,32
2090,2019-09-01,경기도,수원시 장안구,10,수원페이,91
2091,2019-09-01,경기도,수원시 장안구,20,수원페이,1721
2092,2019-09-01,경기도,수원시 장안구,30,수원페이,3358
2093,2019-09-01,경기도,수원시 장안구,40,수원페이,5994
2094,2019-09-01,경기도,수원시 장안구,50,수원페이,3614
2095,2019-09-01,경기도,수원시 장안구,60,수원페이,579
2096,2019-09-01,경기도,수원시 장안구,70,수원페이,172
2097,2019-09-01,경기도,수원시 장안구,80,수원페이,1
2098,2019-09-01,경기도,수원시 팔달구,10,수원페이,98
2099,2019-09-01,경기도,수원시 팔달구,20,수원페이,1719
2100,2019-09-01,경기도,수원시 팔달구,30,수원페이,3377
2101,2019-09-01,경기도,수원시 팔달구,40,수원페이,3775
2102,2019-09-01,경기도,수원시 팔달구,50,수원페이,2657
2103,2019-09-01,경기도,수원시 팔달구,60,수원페이,423
2104,2019-09-01,경기도,수원시 팔달구,70,수원페이,77
2105,2019-09-01,경기도,수원시 팔달구,80,수원페이,10
1786,2019-08-01,경기도,안산시 상록구,10,안산사랑상품권 다온,79
1787,2019-08-01,경기도,안산시 상록구,20,안산사랑상품권 다온,1241
1788,2019-08-01,경기도,안산시 상록구,30,안산사랑상품권 다온,2822
1789,2019-08-01,경기도,안산시 상록구,40,안산사랑상품권 다온,4458
1790,2019-08-01,경기도,안산시 상록구,50,안산사랑상품권 다온,3301
1791,2019-08-01,경기도,안산시 상록구,60,안산사랑상품권 다온,794
1792,2019-08-01,경기도,안산시 상록구,70,안산사랑상품권 다온,108
1793,2019-08-01,경기도,안산시 상록구,80,안산사랑상품권 다온,9
2110,2019-09-01,경기도,안산시 단원구,10,안산사랑상품권 다온,358
2111,2019-09-01,경기도,안산시 단원구,20,안산사랑상품권 다온,4703
2113,2019-09-01,경기도,안산시 단원구,30,안산사랑상품권 다온,8659
2114,2019-09-01,경기도,안산시 단원구,40,안산사랑상품권 다온,12590
2115,2019-09-01,경기도,안산시 단원구,50,안산사랑상품권 다온,7850
2117,2019-09-01,경기도,안산시 단원구,60,안산사랑상품권 다온,1464
2118,2019-09-01,경기도,안산시 단원구,70,안산사랑상품권 다온,165
2119,2019-09-01,경기도,안산시 단원구,80,안산사랑상품권 다온,44
2144,2019-09-01,경기도,양주시,60,양주사랑카드,799
2145,2019-09-01,경기도,양주시,70,양주사랑카드,138
2146,2019-09-01,경기도,양주시,80,양주사랑카드,19
1159,2019-06-01,경기도,양평군,80,양평통보,22
1490,2019-07-01,경기도,양평군,10,양평통보,454
1491,2019-07-01,경기도,양평군,20,양평통보,1941
1492,2019-07-01,경기도,양평군,30,양평통보,7607
1493,2019-07-01,경기도,양평군,40,양평통보,13318
1494,2019-07-01,경기도,양평군,50,양평통보,9116
1495,2019-07-01,경기도,양평군,60,양평통보,2779
1496,2019-07-01,경기도,양평군,70,양평통보,703
1497,2019-07-01,경기도,양평군,80,양평통보,50
1498,2019-07-01,경기도,양평군,90,양평통보,10
1810,2019-08-01,경기도,양평군,10,양평통보,426
1811,2019-08-01,경기도,양평군,20,양평통보,1796
1813,2019-08-01,경기도,양평군,30,양평통보,6836
1816,2019-08-01,경기도,양평군,40,양평통보,12234
1826,2019-08-01,경기도,여주시,30,여주사랑카드,492
1827,2019-08-01,경기도,여주시,40,여주사랑카드,920
1828,2019-08-01,경기도,여주시,50,여주사랑카드,496
1829,2019-08-01,경기도,여주시,60,여주사랑카드,107
1830,2019-08-01,경기도,여주시,70,여주사랑카드,7
2161,2019-09-01,경기도,여주시,10,여주사랑카드,23
2162,2019-09-01,경기도,여주시,20,여주사랑카드,272
1831,2019-08-01,경기도,연천군,10,연천사랑상품권,100
1832,2019-08-01,경기도,연천군,20,연천사랑상품권,675
1833,2019-08-01,경기도,연천군,30,연천사랑상품권,1781
1834,2019-08-01,경기도,연천군,40,연천사랑상품권,2742
1835,2019-08-01,경기도,연천군,50,연천사랑상품권,1689
1836,2019-08-01,경기도,연천군,60,연천사랑상품권,524
1837,2019-08-01,경기도,연천군,70,연천사랑상품권,55
1838,2019-08-01,경기도,연천군,80,연천사랑상품권,9
2178,2019-09-01,경기도,오산시,30,오산화폐 오색전,3449
2179,2019-09-01,경기도,오산시,40,오산화폐 오색전,5023
2180,2019-09-01,경기도,오산시,50,오산화폐 오색전,2317
2181,2019-09-01,경기도,오산시,60,오산화폐 오색전,745
2182,2019-09-01,경기도,오산시,70,오산화폐 오색전,184
2183,2019-09-01,경기도,오산시,80,오산화폐 오색전,5
2209,2019-09-01,경기도,용인시 처인구,60,용인와이페이,279
466,2019-04-01,경기도,용인시 수지구,70,용인와이페이,3
488,2019-04-01,경기도,용인시 처인구,70,용인와이페이,2
875,2019-05-01,경기도,용인시 기흥구,70,용인와이페이,17
884,2019-05-01,경기도,용인시 수지구,70,용인와이페이,24
892,2019-05-01,경기도,용인시 처인구,70,용인와이페이,7
1193,2019-06-01,경기도,용인시 기흥구,70,용인와이페이,43
1202,2019-06-01,경기도,용인시 수지구,70,용인와이페이,28
1212,2019-06-01,경기도,용인시 처인구,70,용인와이페이,35
1531,2019-07-01,경기도,용인시 기흥구,70,용인와이페이,73
1539,2019-07-01,경기도,용인시 수지구,70,용인와이페이,65
1550,2019-07-01,경기도,용인시 처인구,70,용인와이페이,27
1857,2019-08-01,경기도,용인시 기흥구,70,용인와이페이,60
1865,2019-08-01,경기도,용인시 수지구,70,용인와이페이,66
1875,2019-08-01,경기도,용인시 처인구,70,용인와이페이,12
2191,2019-09-01,경기도,용인시 기흥구,70,용인와이페이,82
2200,2019-09-01,경기도,용인시 수지구,70,용인와이페이,89
2210,2019-09-01,경기도,용인시 처인구,70,용인와이페이,63
489,2019-04-01,경기도,용인시 처인구,80,용인와이페이,2
876,2019-05-01,경기도,용인시 기흥구,80,용인와이페이,1
885,2019-05-01,경기도,용인시 수지구,80,용인와이페이,3
893,2019-05-01,경기도,용인시 처인구,80,용인와이페이,3
1194,2019-06-01,경기도,용인시 기흥구,80,용인와이페이,13
1203,2019-06-01,경기도,용인시 수지구,80,용인와이페이,7
1214,2019-06-01,경기도,용인시 처인구,80,용인와이페이,1
1532,2019-07-01,경기도,용인시 기흥구,80,용인와이페이,6
1880,2019-08-01,경기도,의정부시,30,의정부사랑카드,3859
1882,2019-08-01,경기도,의정부시,40,의정부사랑카드,5377
1884,2019-08-01,경기도,의정부시,50,의정부사랑카드,3515
1885,2019-08-01,경기도,의정부시,60,의정부사랑카드,829
1886,2019-08-01,경기도,의정부시,70,의정부사랑카드,148
1887,2019-08-01,경기도,의정부시,80,의정부사랑카드,20
1888,2019-08-01,경기도,의정부시,90,의정부사랑카드,1
2212,2019-09-01,경기도,의정부시,10,의정부사랑카드,243
2213,2019-09-01,경기도,의정부시,20,의정부사랑카드,2895
2215,2019-09-01,경기도,의정부시,30,의정부사랑카드,6396
2216,2019-09-01,경기도,의정부시,40,의정부사랑카드,9328
2219,2019-09-01,경기도,의정부시,50,의정부사랑카드,6059
1898,2019-08-01,경기도,이천시,70,이천사랑지역화폐,30
1899,2019-08-01,경기도,이천시,80,이천사랑지역화폐,4
2225,2019-09-01,경기도,이천시,10,이천사랑지역화폐,213
2226,2019-09-01,경기도,이천시,20,이천사랑지역화폐,1203
2228,2019-09-01,경기도,이천시,30,이천사랑지역화폐,2777
2229,2019-09-01,경기도,이천시,40,이천사랑지역화폐,3590
2232,2019-09-01,경기도,이천시,50,이천사랑지역화폐,1595
2233,2019-09-01,경기도,이천시,60,이천사랑지역화폐,343
2234,2019-09-01,경기도,이천시,70,이천사랑지역화폐,67
2235,2019-09-01,경기도,이천시,80,이천사랑지역화폐,13
1584,2019-07-01,경기도,파주시,80,파주 Pay(파주페이),1
1900,2019-08-01,경기도,파주시,10,파주 Pay(파주페이),150
1901,2019-08-01,경기도,파주시,20,파주 Pay(파주페이),1081
1902,2019-08-01,경기도,파주시,30,파주 Pay(파주페이),5930
1903,2019-08-01,경기도,파주시,40,파주 Pay(파주페이),6603
1904,2019-08-01,경기도,파주시,50,파주 Pay(파주페이),2001
1906,2019-08-01,경기도,파주시,60,파주 Pay(파주페이),313
1907,2019-08-01,경기도,파주시,70,파주 Pay(파주페이),33
1908,2019-08-01,경기도,파주시,80,파주 Pay(파주페이),3
1914,2019-08-01,경기도,하남시,10,하남하머니,141
1915,2019-08-01,경기도,하남시,20,하남하머니,1606
1916,2019-08-01,경기도,하남시,30,하남하머니,9510
1917,2019-08-01,경기도,하남시,40,하남하머니,12153
1918,2019-08-01,경기도,하남시,50,하남하머니,4491
1919,2019-08-01,경기도,하남시,60,하남하머니,1780
1920,2019-08-01,경기도,하남시,70,하남하머니,387
1921,2019-08-01,경기도,하남시,80,하남하머니,66
1942,2019-09-01,경기도,가평군,30,가평사랑상품권,1401
1943,2019-09-01,경기도,가평군,40,가평사랑상품권,2068
1944,2019-09-01,경기도,가평군,50,가평사랑상품권,1749
1945,2019-09-01,경기도,가평군,60,가평사랑상품권,320
1946,2019-09-01,경기도,가평군,70,가평사랑상품권,61
1947,2019-09-01,경기도,가평군,80,가평사랑상품권,7
1635,2019-08-01,경기도,고양시 덕양구,80,고양페이카드,10
1948,2019-09-01,경기도,고양시 덕양구,10,고양페이카드,343
1949,2019-09-01,경기도,고양시 덕양구,20,고양페이카드,3839
1950,2019-09-01,경기도,고양시 덕양구,30,고양페이카드,11845
1952,2019-09-01,경기도,고양시 덕양구,40,고양페이카드,19165
1953,2019-09-01,경기도,고양시 덕양구,50,고양페이카드,8670
1954,2019-09-01,경기도,고양시 덕양구,60,고양페이카드,1874
1955,2019-09-01,경기도,고양시 덕양구,70,고양페이카드,319
1956,2019-09-01,경기도,고양시 덕양구,80,고양페이카드,36
1957,2019-09-01,경기도,고양시 덕양구,90,고양페이카드,1
1981,2019-09-01,경기도,과천시,20,과천화폐 과천토리,751
1982,2019-09-01,경기도,과천시,30,과천화폐 과천토리,2272
1983,2019-09-01,경기도,과천시,40,과천화폐 과천토리,4921
1984,2019-09-01,경기도,과천시,50,과천화폐 과천토리,2724
1985,2019-09-01,경기도,과천시,60,과천화폐 과천토리,436
1986,2019-09-01,경기도,과천시,70,과천화폐 과천토리,123
1987,2019-09-01,경기도,과천시,80,과천화폐 과천토리,2
1988,2019-09-01,경기도,과천시,90,과천화폐 과천토리,1
1989,2019-09-01,경기도,광명시,10,광명사랑화폐,222
1990,2019-09-01,경기도,광명시,20,광명사랑화폐,1471
1991,2019-09-01,경기도,광명시,30,광명사랑화폐,4750
1992,2019-09-01,경기도,광명시,40,광명사랑화폐,9161
1993,2019-09-01,경기도,광명시,50,광명사랑화폐,5147
1994,2019-09-01,경기도,광명시,60,광명사랑화폐,1454
1995,2019-09-01,경기도,광명시,70,광명사랑화폐,178
1996,2019-09-01,경기도,광명시,80,광명사랑화폐,24
2010,2019-09-01,경기도,구리시,50,구리사랑카드,2250
2011,2019-09-01,경기도,구리시,60,구리사랑카드,399
2012,2019-09-01,경기도,구리시,70,구리사랑카드,92
2015,2019-09-01,경기도,군포시,30,군포愛머니,15978
2016,2019-09-01,경기도,군포시,40,군포愛머니,31066
2018,2019-09-01,경기도,군포시,50,군포愛머니,19171
2020,2019-09-01,경기도,군포시,60,군포愛머니,7315
2021,2019-09-01,경기도,군포시,70,군포愛머니,1617
2022,2019-09-01,경기도,군포시,80,군포愛머니,311
2023,2019-09-01,경기도,군포시,90,군포愛머니,2
1704,2019-08-01,경기도,남양주시,50,Thank You Pay-N,3883
1705,2019-08-01,경기도,남양주시,60,Thank You Pay-N,835
1706,2019-08-01,경기도,남양주시,70,Thank You Pay-N,148
1707,2019-08-01,경기도,남양주시,80,Thank You Pay-N,6
1708,2019-08-01,경기도,남양주시,90,Thank You Pay-N,6
2025,2019-09-01,경기도,남양주시,10,Thank You Pay-N,241
2027,2019-09-01,경기도,남양주시,20,Thank You Pay-N,1719
2028,2019-09-01,경기도,남양주시,30,Thank You Pay-N,7895
2032,2019-09-01,경기도,남양주시,40,Thank You Pay-N,14522
2033,2019-09-01,경기도,남양주시,50,Thank You Pay-N,6497
2035,2019-09-01,경기도,남양주시,60,Thank You Pay-N,1269
2036,2019-09-01,경기도,남양주시,70,Thank You Pay-N,210
2037,2019-09-01,경기도,남양주시,80,Thank You Pay-N,3
2038,2019-09-01,경기도,남양주시,90,Thank You Pay-N,5
2120,2019-09-01,경기도,안산시 상록구,10,안산사랑상품권 다온,193
2121,2019-09-01,경기도,안산시 상록구,20,안산사랑상품권 다온,3479
2122,2019-09-01,경기도,안산시 상록구,30,안산사랑상품권 다온,5032
2123,2019-09-01,경기도,안산시 상록구,40,안산사랑상품권 다온,7982
2124,2019-09-01,경기도,안산시 상록구,50,안산사랑상품권 다온,5729
2125,2019-09-01,경기도,안산시 상록구,60,안산사랑상품권 다온,1308
2126,2019-09-01,경기도,안산시 상록구,70,안산사랑상품권 다온,143
2127,2019-09-01,경기도,안산시 상록구,80,안산사랑상품권 다온,9
1818,2019-08-01,경기도,양평군,50,양평통보,8429
1819,2019-08-01,경기도,양평군,60,양평통보,2667
1821,2019-08-01,경기도,양평군,70,양평통보,672
1822,2019-08-01,경기도,양평군,80,양평통보,51
1823,2019-08-01,경기도,양평군,90,양평통보,15
2147,2019-09-01,경기도,양평군,10,양평통보,730
2149,2019-09-01,경기도,양평군,20,양평통보,2517
2151,2019-09-01,경기도,양평군,30,양평통보,9043
2153,2019-09-01,경기도,양평군,40,양평통보,16798
2154,2019-09-01,경기도,양평군,50,양평통보,11416
2157,2019-09-01,경기도,양평군,60,양평통보,3756
2158,2019-09-01,경기도,양평군,70,양평통보,1045
2159,2019-09-01,경기도,양평군,80,양평통보,54
2160,2019-09-01,경기도,양평군,90,양평통보,18
2163,2019-09-01,경기도,여주시,30,여주사랑카드,761
2164,2019-09-01,경기도,여주시,40,여주사랑카드,1265
2165,2019-09-01,경기도,여주시,50,여주사랑카드,684
2166,2019-09-01,경기도,여주시,60,여주사랑카드,140
2167,2019-09-01,경기도,여주시,70,여주사랑카드,10
2168,2019-09-01,경기도,연천군,10,연천사랑상품권,94
2169,2019-09-01,경기도,연천군,20,연천사랑상품권,1291
2170,2019-09-01,경기도,연천군,30,연천사랑상품권,2838
2171,2019-09-01,경기도,연천군,40,연천사랑상품권,4267
2172,2019-09-01,경기도,연천군,50,연천사랑상품권,2775
2173,2019-09-01,경기도,연천군,60,연천사랑상품권,880
2174,2019-09-01,경기도,연천군,70,연천사랑상품권,87
2175,2019-09-01,경기도,연천군,80,연천사랑상품권,3
1540,2019-07-01,경기도,용인시 수지구,80,용인와이페이,13
1551,2019-07-01,경기도,용인시 처인구,80,용인와이페이,1
1866,2019-08-01,경기도,용인시 수지구,80,용인와이페이,7
1876,2019-08-01,경기도,용인시 처인구,80,용인와이페이,3
2192,2019-09-01,경기도,용인시 기흥구,80,용인와이페이,7
2201,2019-09-01,경기도,용인시 수지구,80,용인와이페이,7
2211,2019-09-01,경기도,용인시 처인구,80,용인와이페이,14
2221,2019-09-01,경기도,의정부시,60,의정부사랑카드,1722
2222,2019-09-01,경기도,의정부시,70,의정부사랑카드,245
2223,2019-09-01,경기도,의정부시,80,의정부사랑카드,35
2224,2019-09-01,경기도,의정부시,90,의정부사랑카드,3
2236,2019-09-01,경기도,파주시,10,파주 Pay(파주페이),201
2237,2019-09-01,경기도,파주시,20,파주 Pay(파주페이),1620
2238,2019-09-01,경기도,파주시,30,파주 Pay(파주페이),7752
2239,2019-09-01,경기도,파주시,40,파주 Pay(파주페이),9336
2240,2019-09-01,경기도,파주시,50,파주 Pay(파주페이),2844
2241,2019-09-01,경기도,파주시,60,파주 Pay(파주페이),456
2242,2019-09-01,경기도,파주시,70,파주 Pay(파주페이),78
2243,2019-09-01,경기도,파주시,80,파주 Pay(파주페이),3
2248,2019-09-01,경기도,하남시,10,하남하머니,365
2249,2019-09-01,경기도,하남시,20,하남하머니,3094
2250,2019-09-01,경기도,하남시,30,하남하머니,17253
2251,2019-09-01,경기도,하남시,40,하남하머니,23236
2252,2019-09-01,경기도,하남시,50,하남하머니,8286
2253,2019-09-01,경기도,하남시,60,하남하머니,3171
2254,2019-09-01,경기도,하남시,70,하남하머니,723
2255,2019-09-01,경기도,하남시,80,하남하머니,89
