채용공고고유번호,기업정보URL,기업명,채용공고제목,업종직종정보명,경력조건정보명,경력년수정보명,경력년수,급여유형정보명,급여수준정보명,급여수준명,연봉면접결정여부,학력제한정보명,해당채용공고키워드명,상세내용,접수방법정보명,근무형태명,모집인원명,채용직급직책명,근무지역명,서류접수마감일자,잡코리아채용공고URL,잡코리아채용공고QR코드내용,채용공고등록일자,채용공고최종수정일자,조회수,공유수,사업자등록번호,등록저장일시,수정저장일시,사용여부,삭제여부,데이터기준일자
34282035,http://www.jobkorea.co.kr/Recruit/Co_Read/C/soloist0?Oem_Code=C900&api=232,㈜티라이프,온라인 쇼핑몰 마케팅 및 영업 MD 신입/경력 모집,,신입/경력,1년 이상,1,회사 내규에 따름,,0;0,Y,대졸(2~3년),상품기획;소셜커머스;쇼핑몰;오픈마켓;B2C;여성의류;패션;MD;마케팅;시장분석;온라인MD;패션MD;거래처관리;영업관리;웹사이트운영,,잡코리아 온라인 접수,정규직,2,,성남시 중원구,2020-02-04,http://www.jobkorea.co.kr/Recruit/GI_Read/30452855?Oem_Code=C900&api=232,,2019-12-06,2020-01-16,0,0,129-**-*****,2019-12-28 02:06,2020-01-17 02:04,Y,N,2019-12-28
34333664,http://www.jobkorea.co.kr/Recruit/Co_Read/C/ssgdriver?Oem_Code=C900&api=232,에스에이엠통운,[야간;주간근무]E마트상품 배송/납품기사 모집,,관계없음,,0,월급,450만원 ~ 500만원,450;500,N,학력무관,물류;물류센터;배송;운송;육상운송;납품;물류관리;택배;중장비운전;지게차운전;포장이사;화물차운전;굴삭기;버스기사;수행기사;승용기사;운전기사;학원차량,,잡코리아 온라인 접수,정규직; 계약직; 파견직,○○,팀원,연수구; 부평구; 남구; 계양구; 서구; 은평구; 서대문구; 마포구; 고양시 일산서구; 고양시 일산동구,2020-01-23,http://www.jobkorea.co.kr/Recruit/GI_Read/30510370?Oem_Code=C900&api=232,,2019-12-12,2020-01-14,0,0,415-**-*****,2019-12-14 02:01,2020-01-16 02:00,Y,Y,2019-12-14
34350961,http://www.jobkorea.co.kr/Recruit/Co_Read/C/gksthfdl1099?Oem_Code=C900&api=232,한솔이앤씨,(주5일/중식제공) 업무지원; 인사관리; 홍보기획파트 직원모집,,신입/경력,1년 이상,1,월급,210만원 ~ 350만원,210;350,Y,고졸,도시개발;부동산관리;부동산서비스;부동산운용;토지개발;문서수발;비품관리;총무;급여관리;인사;인사기획;인사통합;채용·면접;문서관리;문서작성;사무보조;전산입력;전산편집;4대보험;광고관리;홍보;홍보기획;PR;SNS운영,,잡코리아 온라인 접수,정규직,○○,,중구; 서울특별시 전지역; 성남시 중원구; 성남시 분당구; 금천구; 송파구,2020-01-20,http://www.jobkorea.co.kr/Recruit/GI_Read/30529453?Oem_Code=C900&api=232,,2019-12-14,2020-01-16,0,0,259-**-*****,2019-12-20 02:04,2020-01-17 02:04,Y,N,2019-12-20
34354302,http://www.jobkorea.co.kr/Recruit/Co_Read/C/cdf1801?Oem_Code=C900&api=232,코웨이㈜,(주)코웨이홈케어닥터 경기도(철원.연천.포천.동두천.양주.남양주.의정부.구리)전지역모집 합니다,,관계없음,,0,연봉,3000만원 ~ 5000만원,3000;5000,N,고졸,렌탈;고객관리;단순홍보;회원관리,,잡코리아 온라인 접수,계약직,5,팀원,의정부시; 남양주시; 동두천시; 양주시; 연천군; 구리시,2020-01-24,http://www.jobkorea.co.kr/Recruit/GI_Read/30533557?Oem_Code=C900&api=232,,2019-12-16,2020-01-14,0,0,307-**-*****,2019-12-31 02:06,2020-01-16 02:00,Y,Y,2019-12-31
34355026,http://www.jobkorea.co.kr/Recruit/Co_Read/C/zzogzzog?Oem_Code=C900&api=232,㈜오늘,㈜오늘에서 아동미술 프로그램연구진 모집,,관계없음,,0,회사 내규에 따름,,0;0,Y,학력무관,쇼핑몰;B2B;B2C;교육기획;교육진행;교재컨텐츠개발;교육프로그램,,잡코리아 온라인 접수,정규직,1,,의정부시   ,2020-01-15,http://www.jobkorea.co.kr/Recruit/GI_Read/30534315?Oem_Code=C900&api=232,,2019-12-16,2020-01-14,0,0,106-**-*****,2019-12-17 02:07,2020-01-16 02:00,Y,Y,2019-12-17
34355838,http://www.jobkorea.co.kr/Recruit/Co_Read/C/leetoys?Oem_Code=C900&api=232,㈜대호종합상사,웹기획;웹마케팅;웹PM;온라인MD,,관계없음,,0,연봉,2000만원 ~ 3000만원,2000;3000,Y,고졸,MD;온라인MD;온라인마케팅;웹마케팅;쇼핑몰;웹사이트운영,,잡코리아 온라인 접수,정규직; 계약직,2,주임~대리급; 과장~차장급; 팀원; 팀장/매니저/실장,광주시; 아산시,2020-01-15,http://www.jobkorea.co.kr/Recruit/GI_Read/30535196?Oem_Code=C900&api=232,,2019-12-16,2020-01-14,0,0,119-**-*****,2019-12-17 02:07,2020-01-16 02:00,Y,Y,2019-12-17
34360360,http://www.jobkorea.co.kr/Recruit/Co_Read/C/smtlaw2018?Oem_Code=C900&api=232,㈜스마트로,(주)스마트로와 함께하실 능력있는 개발자를 모십니다.,,신입/경력,3년 이상,3,연봉,,0;0,Y,학력무관,인터넷법률;컨텐츠;포털;.NET;웹프로그래머;Java;MS-SQL;MySQL,,잡코리아 온라인 접수; E-메일 입사지원,정규직,○,면접 후 결정,성남시 분당구,2020-01-15,http://www.jobkorea.co.kr/Recruit/GI_Read/30540136?Oem_Code=C900&api=232,,2019-12-16,2020-01-14,0,0,645-**-*****,2019-12-31 02:02,2020-01-16 02:00,Y,Y,2019-12-31
34361520,http://www.jobkorea.co.kr/Recruit/Co_Read/C/ianschool?Oem_Code=C900&api=232,칠드런스뮤지컬컴퍼니㈜,영어유치부 행정교사 모집,,관계없음,,0,회사 내규에 따름,,0;0,N,대졸(2~3년),어학원;유아교육;유치원;학원강사;결산;경리;경영지원;세무;출납,,잡코리아 온라인 접수,정규직,1,사원급     ,오산시     ,2020-01-15,http://www.jobkorea.co.kr/Recruit/GI_Read/30541357?Oem_Code=C900&api=232,,2019-12-16,2020-01-14,0,0,112-**-*****,2019-12-17 02:02,2020-01-16 02:00,Y,Y,2019-12-17
34362155,http://www.jobkorea.co.kr/Recruit/Co_Read/C/gmgdch2019?Oem_Code=C900&api=232,광명기대찬병원,기대찬병원 홍보팀(디자이너) 신입/경력 채용합니다.,,신입/경력,1년 이상,1,연봉,2200만원,2200;0,Y,학력무관,디자인;시각디자인;일러스트레이터;포토샵;광고디자인;디자인기타,,잡코리아 온라인 접수,정규직,○,팀원,광명시; 서초구,2020-01-15,http://www.jobkorea.co.kr/Recruit/GI_Read/30542047?Oem_Code=C900&api=232,,2019-12-16,2020-01-14,0,0,266-**-*****,2019-12-24 02:04,2020-01-16 02:00,Y,Y,2019-12-24
34362598,http://www.jobkorea.co.kr/Recruit/Co_Read/C/ianschool?Oem_Code=C900&api=232,칠드런스뮤지컬컴퍼니㈜,초등부영어 담당교사 모집,,신입/경력,1년 이상,1,회사 내규에 따름,,0;0,Y,대졸(4년),어학원;유아교육;유치원;학원강사;영어;영어강사;일반학원강사;교육상담;수강생관리;프로그램상담;학원운영;회원관리,,잡코리아 온라인 접수,정규직,1,팀원,오산시     ,2020-01-15,http://www.jobkorea.co.kr/Recruit/GI_Read/30542544?Oem_Code=C900&api=232,,2019-12-16,2020-01-14,0,0,112-**-*****,2019-12-17 02:01,2020-01-16 02:00,Y,Y,2019-12-17
34362701,http://www.jobkorea.co.kr/Recruit/Co_Read/C/ianschool?Oem_Code=C900&api=232,칠드런스뮤지컬컴퍼니㈜,뮤지컬정교사(드라마클래스 수업진행 및 커리큘럼관리),,신입/경력,1년 이상,1,회사 내규에 따름,,0;0,Y,대졸(4년),공연기획;공연예술;극단;소극장;아카데미;공연·전시기획;무대제작;뮤지컬·연극·무용;연주·합주·합창·성악;영어;영어강사,,잡코리아 온라인 접수,정규직,1,사원급     ,오산시     ,2020-01-15,http://www.jobkorea.co.kr/Recruit/GI_Read/30542651?Oem_Code=C900&api=232,,2019-12-16,2020-01-14,0,0,112-**-*****,2019-12-17 02:01,2020-01-16 02:00,Y,Y,2019-12-17
34364253,http://www.jobkorea.co.kr/Recruit/Co_Read/C/wneng?Oem_Code=C900&api=232,㈜와이드넷엔지니어링,이동 통신망 최적화/필드 측정/규격 검증 QA,,신입/경력,1년 이상,1,회사 내규에 따름,,0;0,Y,대졸(2~3년),모바일;모바일App;무선통신;아이폰;안드로이드;검증;테스터;QA;베타테스트;컨텐츠관리;유지보수;소프트웨어,,잡코리아 온라인 접수; E-메일 입사지원,정규직,12,,성남시 분당구; 경기도 전지역; 서울특별시 전지역,2020-01-31,http://www.jobkorea.co.kr/Recruit/GI_Read/30544393?Oem_Code=C900&api=232,,2019-12-16,2020-01-14,0,0,119-**-*****,2019-12-17 02:00,2020-01-16 02:00,Y,Y,2019-12-17
34367030,http://www.jobkorea.co.kr/Recruit/Co_Read/C/kyobo112?Oem_Code=C900&api=232,교보생명보험,시니어클래스 은퇴설계 전문가를 모십니다 (은퇴자 퇴직자 우대),,신입/경력,1년 이상,1,연봉,4500만원 ~ 6500만원,4500;6500,Y,대졸(2~3년),생명보험;손해보험;손해사정;펀드매니저;화재보험;금융영업;금융자산관리사;방카슈랑스;퇴직연금;거래처관리;고객관리;영업관리;영업기획;전역장교;골프강사;당구;댄스;생활체육;승마,,잡코리아 온라인 접수; E-메일 입사지원; 방문접수,계약직; 프리랜서; 위촉직/개인사업자,10,부장급; 임원~CEO; 팀장/매니저/실장,서울특별시 전지역; 인천광역시 전지역; 경기도 전지역,2020-02-15,http://www.jobkorea.co.kr/Recruit/GI_Read/30547423?Oem_Code=C900&api=232,,2019-12-17,2020-01-15,0,0,102-**-*****,2019-12-24 02:04,2020-01-17 02:00,Y,Y,2019-12-24
34367090,http://www.jobkorea.co.kr/Recruit/Co_Read/C/kyobo112?Oem_Code=C900&api=232,교보생명보험,성공하는 인생 2막; 대한민국 퇴직자 여러분들 도전 하세요.,,관계없음,,0,연봉,3200만원 ~ 9200만원,3200;9200,Y,대졸(2~3년),생명보험;손해보험;재정설계;펀드매니저;화재보험;금융영업;금융자산관리사;법인고객영업;보험영업;재무상담;고객지원;보험회사;신용카드회사;은행;증권·투신,,잡코리아 온라인 접수; E-메일 입사지원; 방문접수,계약직; 프리랜서; 위촉직/개인사업자,10,부장급; 임원~CEO; 팀장/매니저/실장,서울특별시 전지역; 인천광역시 전지역; 경기도 전지역,2020-02-15,http://www.jobkorea.co.kr/Recruit/GI_Read/30547486?Oem_Code=C900&api=232,,2019-12-17,2020-01-15,0,0,102-**-*****,2019-12-24 02:04,2020-01-17 02:00,Y,Y,2019-12-24
34370615,http://www.jobkorea.co.kr/Recruit/Co_Read/C/lee126?Oem_Code=C900&api=232,무한콘트롤,인증업무 및 정부지원사업 관련 경력 과장-차장급 채용,,경력,5년 이상,5,회사 내규에 따름,,0;0,Y,학력무관,전기;전자;품질;품질보증;ISO;QA,,잡코리아 온라인 접수,정규직,○,과장~차장급; 면접 후 결정,성남시 중원구,2020-01-16,http://www.jobkorea.co.kr/Recruit/GI_Read/30551331?Oem_Code=C900&api=232,,2019-12-17,2020-01-14,0,0,609-**-*****,2019-12-18 02:03,2020-01-16 02:00,Y,Y,2019-12-18
34372697,http://www.jobkorea.co.kr/Recruit/Co_Read/C/jju69715031?Oem_Code=C900&api=232,더존교육,유치원.어린이집 유아영어강사 모집 [안양-4일수업],,경력,1년 이상,1,회사 내규에 따름,,0;0,N,대졸(2~3년),어린이집;유아원교사;유치원교사;교육;보육교사;어린이집교사;영어;영어강사,,잡코리아 온라인 접수; E-메일 입사지원,정규직; 계약직,00,,안양시 만안구,2020-02-02,http://www.jobkorea.co.kr/Recruit/GI_Read/30553625?Oem_Code=C900&api=232,,2019-12-17,2020-01-15,0,0,709-**-*****,2019-12-28 02:00,2020-01-17 02:00,Y,Y,2019-12-28
34372751,http://www.jobkorea.co.kr/Recruit/Co_Read/C/jju69715031?Oem_Code=C900&api=232,더존교육,2020년 유아기간 영어 강사모집 [오산.송탄],,경력,1년 이상,1,회사 내규에 따름,,0;0,N,대졸(2~3년),교사;유아교육;유치원;영어;영어강사,,잡코리아 온라인 접수; E-메일 입사지원,정규직; 계약직,2,,평택시; 오산시,2020-02-02,http://www.jobkorea.co.kr/Recruit/GI_Read/30553682?Oem_Code=C900&api=232,,2019-12-17,2020-01-15,0,0,709-**-*****,2019-12-28 02:00,2020-01-17 02:00,Y,Y,2019-12-28
34378613,http://www.jobkorea.co.kr/Recruit/Co_Read/C/sm00n?Oem_Code=C900&api=232,㈜엘디엔지니어링,(주)엘디엔지니어링 단지설계(도로설계; 상하수도 설계)등 신입; 대리; 과장; 차장님 모십니다.,,신입/경력,2년 이상,2,회사 내규에 따름,,0;0,Y,대졸(2~3년),가설설계;도로설계;토목;토목설계;토질,,잡코리아 온라인 접수; E-메일 입사지원; 우편접수; 방문접수,정규직,○○,주임~대리급; 과장~차장급; 팀원,성남시 중원구,2070-01-01,http://www.jobkorea.co.kr/Recruit/GI_Read/30560100?Oem_Code=C900&api=232,,2019-12-18,2020-01-16,0,0,129-**-*****,2019-12-19 02:05,2020-01-17 02:06,Y,N,2019-12-19
34379145,http://www.jobkorea.co.kr/Recruit/Co_Read/C/adonislotte?Oem_Code=C900&api=232,㈜오토미디어,롯데렌터카 홈쇼핑 신차장기렌터카 넘치고있는 DB로 계약하실분 모집,,관계없음,,0,연봉,5000만원 ~ 6000만원,5000;6000,Y,고졸,대여;렌탈;렌터카;오토리스;거래선개발관리;거래처관리;고객관리;영업관리;검색광고;광고영업;매체광고영업;온라인광고영업;키워드광고;아웃바운드TM;홈쇼핑,,잡코리아 온라인 접수; E-메일 입사지원,정규직; 계약직; 프리랜서,○,,성남시 분당구; 성남시 수정구; 성남시 중원구; 강남구; 서초구; 송파구,2020-01-17,http://www.jobkorea.co.kr/Recruit/GI_Read/30560675?Oem_Code=C900&api=232,,2019-12-18,2020-01-15,0,0,309-**-*****,2019-12-19 02:05,2020-01-17 02:09,Y,N,2019-12-19
34379162,http://www.jobkorea.co.kr/Recruit/Co_Read/C/adonislotte?Oem_Code=C900&api=232,㈜오토미디어,롯데렌터카 홈쇼핑 바이럴 마케팅 블러그/카페마케팅/sns마케팅/페이스북;인스타 모집,,경력,1년 이상,1,회사 내규에 따름,,0;0,Y,학력무관,대여;렌탈;렌터카;오토리스;광고기획;마케팅;마케팅기획;바이럴마케팅;소셜미디어,,잡코리아 온라인 접수,정규직,1,사원급; 팀원; 팀장/매니저/실장,성남시 분당구; 송파구,2020-01-17,http://www.jobkorea.co.kr/Recruit/GI_Read/30560707?Oem_Code=C900&api=232,,2019-12-18,2020-01-16,0,0,309-**-*****,2019-12-19 02:05,2020-01-17 02:05,Y,N,2019-12-19
34379423,http://www.jobkorea.co.kr/Recruit/Co_Read/C/hyunjinm1004?Oem_Code=C900&api=232,스킨테라피,분위기좋은 피부관리실 경기오포점 배우면서 일할 초보;경력쌤 구인합니다,,신입/경력,1년 이상,1,회사 내규에 따름,,0;0,Y,학력무관,마사지;뷰티매니저;체형관리;피부관리,,잡코리아 온라인 접수,정규직,1,,광주시     ,2020-01-17,http://www.jobkorea.co.kr/Recruit/GI_Read/30560995?Oem_Code=C900&api=232,,2019-12-18,2020-01-15,0,0,104-**-*****,2019-12-19 02:01,2020-01-17 02:09,Y,N,2019-12-19
34380544,http://www.jobkorea.co.kr/Recruit/Co_Read/C/topaz0779801?Oem_Code=C900&api=232,휴컴퍼니,롯데건설 남여신입상담사 특별채용 (월500만원)이상,,관계없음,,0,연봉,5000만원 ~ 10000만원,5000;10000,Y,학력무관,부동산개발;부동산중개;부동산컨설팅;상가;상담;아웃바운드TM;고객상담;인바운드TM,,잡코리아 온라인 접수; E-메일 입사지원,정규직; 계약직; 인턴직,○,주임~대리급; 팀원; 팀장/매니저/실장,하남시     ,2020-01-17,http://www.jobkorea.co.kr/Recruit/GI_Read/30562222?Oem_Code=C900&api=232,,2019-12-18,2020-01-16,0,0,509-**-*****,2019-12-19 02:04,2020-01-17 02:03,Y,N,2019-12-19
34380556,http://www.jobkorea.co.kr/Recruit/Co_Read/C/topaz0779801?Oem_Code=C900&api=232,휴컴퍼니,롯데건설 분양사업 사무관리부 신입 남여 채용,,관계없음,,0,연봉,2400만원 ~ 3600만원,2400;3600,Y,학력무관,부동산개발;부동산중개;부동산컨설팅;상가;상담;문서관리;사무관리;문서작성;사무보조,,잡코리아 온라인 접수; E-메일 입사지원,정규직; 계약직; 인턴직,○,주임~대리급; 팀원; 팀장/매니저/실장,하남시     ,2020-01-17,http://www.jobkorea.co.kr/Recruit/GI_Read/30562236?Oem_Code=C900&api=232,,2019-12-18,2020-01-16,0,0,509-**-*****,2019-12-19 02:04,2020-01-17 02:03,Y,N,2019-12-19
34380911,http://www.jobkorea.co.kr/Recruit/Co_Read/C/ehgus6511?Oem_Code=C900&api=232,엠하우징,[안양;군포;의왕] 신축빌라분양및컨설팅2명모집,,관계없음,,0,회사 내규에 따름,,0;0,Y,학력무관,공인중개사;부동산서비스;부동산중개;부동산컨설팅;분양;분양대행;분양상담사,,잡코리아 온라인 접수; E-메일 입사지원; 우편접수; 방문접수; FAX 접수,프리랜서,2,사원급     ,군포시; 안양시 만안구; 안양시 동안구; 의왕시,2020-01-17,http://www.jobkorea.co.kr/Recruit/GI_Read/30562690?Oem_Code=C900&api=232,,2019-12-18,2020-01-16,0,0,698-**-*****,2019-12-24 02:06,2020-01-17 02:03,Y,N,2019-12-24
34387678,http://www.jobkorea.co.kr/Recruit/Co_Read/C/people8?Oem_Code=C900&api=232,피플라이프㈜,피플라이프 경력 및 신입 설계사 모집(정착금 지급; 전국 문의),,관계없음,,0,회사 내규에 따름,,0;0,N,고졸,보험영업;생명보험;손해보험;자동차보험;화재보험;개인고객영업;법인고객영업;보험설계;재무상담;법인영업,,잡코리아 온라인 접수; E-메일 입사지원,계약직,10,,서울특별시 전지역; 경기도 전지역; 부산광역시 전지역; 인천광역시 전지역; 대구광역시 전지역; 광주광역시,2020-01-28,http://www.jobkorea.co.kr/Recruit/GI_Read/30570181?Oem_Code=C900&api=232,,2019-12-19,2020-01-16,0,0,108-**-*****,2019-12-20 02:06,2020-01-17 02:02,Y,N,2019-12-20
34389334,http://www.jobkorea.co.kr/Recruit/Co_Read/C/bicns5?Oem_Code=C900&api=232,비아이씨엔에스,대기업 ORACLE 운영(설치; 업그레이드; 패치) 경력자분들을 모십니다.,,경력,1년 이상,1,회사 내규에 따름,,0;0,N,학력무관,소프트웨어개발;SI;SM;데이터베이스;DB2;DBA;Oracle;SQL,,잡코리아 온라인 접수,정규직; 계약직; 프리랜서,2,,성남시 분당구,2020-01-17,http://www.jobkorea.co.kr/Recruit/GI_Read/30571998?Oem_Code=C900&api=232,,2019-12-19,2020-01-15,0,0,211-**-*****,2019-12-20 02:04,2020-01-17 02:00,Y,Y,2019-12-20
34394730,http://www.jobkorea.co.kr/Recruit/Co_Read/C/good5931?Oem_Code=C900&api=232,칠드런스뮤지컬컴퍼니㈜,수원영통 영어유치부 정교사 구인,,관계없음,,0,회사 내규에 따름,,0;0,Y,대졸(4년),유치원교사;어학원;영어학원;유아교육;학원강사;놀이방교사;보육교사;어린이집교사;교육상담;프로그램상담;영어강사,,잡코리아 온라인 접수,정규직,1,사원급     ,수원시 영통구,2020-01-18,http://www.jobkorea.co.kr/Recruit/GI_Read/30577811?Oem_Code=C900&api=232,,2019-12-19,2020-01-15,0,0,135-**-*****,2019-12-28 02:01,2020-01-17 02:00,Y,Y,2019-12-28
34394741,http://www.jobkorea.co.kr/Recruit/Co_Read/C/good5931?Oem_Code=C900&api=232,칠드런스뮤지컬컴퍼니㈜,초등부영어 담당교사 모집,,신입/경력,1년 이상,1,회사 내규에 따름,,0;0,Y,대졸(4년),외국인학교;교수설계;어학원;영어학원;컨텐츠개발;영어강사;일반학원강사;교육상담;수강생관리;프로그램상담;학원운영;회원관리,,잡코리아 온라인 접수,정규직,1,팀원,수원시 영통구,2020-01-18,http://www.jobkorea.co.kr/Recruit/GI_Read/30577822?Oem_Code=C900&api=232,,2019-12-19,2020-01-15,0,0,135-**-*****,2019-12-20 02:01,2020-01-17 02:00,Y,Y,2019-12-20
34394746,http://www.jobkorea.co.kr/Recruit/Co_Read/C/good5931?Oem_Code=C900&api=232,칠드런스뮤지컬컴퍼니㈜,뮤지컬정교사(드라마클래스 수업진행 및 커리큘럼관리),,신입/경력,1년 이상,1,회사 내규에 따름,,0;0,Y,대졸(4년),공연기획;공연예술;극단;소극장;아카데미;공연·전시기획;무대제작;뮤지컬·연극·무용;연주·합주·합창·성악;영어;영어강사,,잡코리아 온라인 접수,정규직,1,사원급     ,수원시 영통구,2020-01-18,http://www.jobkorea.co.kr/Recruit/GI_Read/30577829?Oem_Code=C900&api=232,,2019-12-19,2020-01-15,0,0,135-**-*****,2019-12-20 02:01,2020-01-17 02:00,Y,Y,2019-12-20
34397211,http://www.jobkorea.co.kr/Recruit/Co_Read/C/jopdok3?Oem_Code=C900&api=232,㈜중앙해피라이프,글로벌금융제이에이치라이프 성남지점에서 영업사원을 모집합니다.,,관계없음,,0,연봉,3800만원 ~ 4000만원,3800;4000,N,학력무관,자산관리사;금융자산관리사;보험영업,,잡코리아 온라인 접수,정규직,○○,사원급; 팀원,성남시 중원구,2020-01-19,http://www.jobkorea.co.kr/Recruit/GI_Read/30580561?Oem_Code=C900&api=232,,2019-12-20,2020-01-15,0,0,107-**-*****,2019-12-28 02:06,2020-01-17 02:00,Y,Y,2019-12-28
34399608,http://www.jobkorea.co.kr/Recruit/Co_Read/C/cbw9045?Oem_Code=C900&api=232,에이치앤씨파트너스,LCM/OLED 회로개발 경력직 채용,,경력,3년 이상,3,회사 내규에 따름,,0;0,Y,대졸(2~3년),하드웨어;소프트웨어,,잡코리아 온라인 접수; E-메일 입사지원,정규직,○,,안양시 만안구,2020-01-19,http://www.jobkorea.co.kr/Recruit/GI_Read/30583104?Oem_Code=C900&api=232,,2019-12-20,2020-01-16,0,0,423-**-*****,2019-12-21 02:04,2020-01-17 02:00,Y,N,2019-12-21
34399625,http://www.jobkorea.co.kr/Recruit/Co_Read/C/cbw9045?Oem_Code=C900&api=232,에이치앤씨파트너스,FPGA 엔지니어 경력직 채용,,경력,4년 이상,4,회사 내규에 따름,,0;0,Y,대졸(4년),FPGA,,잡코리아 온라인 접수; E-메일 입사지원,정규직,1,면접 후 결정,안양시 만안구,2020-01-19,http://www.jobkorea.co.kr/Recruit/GI_Read/30583123?Oem_Code=C900&api=232,,2019-12-20,2020-01-16,0,0,423-**-*****,2019-12-21 02:04,2020-01-17 02:00,Y,N,2019-12-21
34404577,http://www.jobkorea.co.kr/Recruit/Co_Read/C/excion?Oem_Code=C900&api=232,㈜엑시언,㈜엑시언 영업관리 인력 모집(신입),,신입/경력,1년 이상,1,회사 내규에 따름,,0;0,Y,대졸(2~3년),자동차;자동차부품;고객관리;영업관리;영업지원,,잡코리아 온라인 접수,정규직,○,사원급; 주임~대리급,화성시     ,2020-01-19,http://www.jobkorea.co.kr/Recruit/GI_Read/30588614?Oem_Code=C900&api=232,,2019-12-20,2020-01-16,0,0,124-**-*****,2019-12-21 02:01,2020-01-17 02:04,Y,N,2019-12-21
34405097,http://www.jobkorea.co.kr/Recruit/Co_Read/C/diamond892?Oem_Code=C900&api=232,다이아몬드 비치,온라인 마케팅 영업직을 찾습니다.,,관계없음,,0,회사 내규에 따름,,0;0,Y,학력무관,광고기획;광고대행;온라인광고;키워드광고;광고관리;검색광고;광고영업;온라인광고영업;온라인마케팅,,잡코리아 온라인 접수,정규직; 프리랜서; 위촉직/개인사업자,1,,구리시     ,2020-01-17,http://www.jobkorea.co.kr/Recruit/GI_Read/30589216?Oem_Code=C900&api=232,,2019-12-20,2020-01-15,0,0,136-**-*****,2019-12-21 02:00,2020-01-17 02:07,Y,N,2019-12-21
34406030,http://www.jobkorea.co.kr/Recruit/Co_Read/C/yblasik1?Oem_Code=C900&api=232,YB안과의원,수원)YB안과 검안 팀원 및 실장 선생님을 모십니다.,,신입/경력,1년 이상,1,회사 내규에 따름,,0;0,Y,대졸(2~3년),안과;검안사;안경사,,잡코리아 온라인 접수,정규직,○,팀원; 팀장/매니저/실장,수원시 팔달구,2020-01-31,http://www.jobkorea.co.kr/Recruit/GI_Read/30590291?Oem_Code=C900&api=232,,2019-12-20,2020-01-16,0,0,135-**-*****,2019-12-21 02:00,2020-01-17 02:06,Y,N,2019-12-21
34406036,http://www.jobkorea.co.kr/Recruit/Co_Read/C/chsun0504?Oem_Code=C900&api=232,와이에스메디컬컨설팅,수원 YB안과 검안 팀원 및 실장 정규직 채용,,관계없음,,0,회사 내규에 따름,,0;0,Y,학력무관,안과;검안사;안경사,,잡코리아 온라인 접수,정규직,○,사원급; 팀원; 팀장/매니저/실장,수원시 팔달구,2020-01-19,http://www.jobkorea.co.kr/Recruit/GI_Read/30590299?Oem_Code=C900&api=232,,2019-12-20,2020-01-16,0,0,124-**-*****,2019-12-21 02:00,2020-01-17 02:06,Y,N,2019-12-21
34408211,http://www.jobkorea.co.kr/Recruit/Co_Read/C/jsj2288?Oem_Code=C900&api=232,어반스피릿,어반스피릿 바리스타 채용공고,,경력,1년 이상,1,월급,180만원 ~ 190만원,180;190,Y,학력무관,바리스타;커피숍;디저트;음식료;카페;매장관리,,잡코리아 온라인 접수; E-메일 입사지원; 방문접수,정규직,○,사원급; 면접 후 결정; 팀원; 팀장/매니저/실장,성남시 분당구,2020-01-20,http://www.jobkorea.co.kr/Recruit/GI_Read/30592790?Oem_Code=C900&api=232,,2019-12-21,2020-01-16,0,0,569-**-*****,2019-12-22 02:00,2020-01-17 02:01,Y,N,2019-12-22
34409682,http://www.jobkorea.co.kr/Recruit/Co_Read/C/himo1209?Oem_Code=C900&api=232,하이모수원광교,(주)하이모 수원광교점 정규직 헤어디자이너 모집,,신입/경력,1년 이상,1,연봉,2200만원 ~ 2600만원,2200;2600,N,학력무관,헤어디자이너,,잡코리아 온라인 접수; E-메일 입사지원,정규직,1,사원급     ,수원시 영통구,2020-01-21,http://www.jobkorea.co.kr/Recruit/GI_Read/30594625?Oem_Code=C900&api=232,,2019-12-22,2020-01-16,0,0,199-**-*****,2019-12-23 02:00,2020-01-17 02:04,Y,N,2019-12-23
34411573,http://www.jobkorea.co.kr/Recruit/Co_Read/C/soloist0?Oem_Code=C900&api=232,㈜티라이프,물류 입출고 관리,,관계없음,,0,회사 내규에 따름,,0;0,Y,고졸,여성의류;물류;창고관리;물류관리;상품입출고;재고관리,,잡코리아 온라인 접수,정규직,1,사원급     ,성남시 중원구,2020-01-22,http://www.jobkorea.co.kr/Recruit/GI_Read/30596761?Oem_Code=C900&api=232,,2019-12-23,2020-01-16,0,0,129-**-*****,2019-12-28 02:06,2020-01-17 02:04,Y,N,2019-12-28
34412027,http://www.jobkorea.co.kr/Recruit/Co_Read/C/gteachers?Oem_Code=C900&api=232,㈜굿티쳐스,굿티쳐스-칸타타뮤직(음악) 교사 구인(강북;구리),,경력,2년 이상,2,회사 내규에 따름,,0;0,Y,대졸(2~3년),어린이집;교사;음악,,잡코리아 온라인 접수; E-메일 입사지원,계약직,2,,중랑구; 남양주시; 강북구; 도봉구; 노원구; 구리시,2020-01-22,http://www.jobkorea.co.kr/Recruit/GI_Read/30597276?Oem_Code=C900&api=232,,2019-12-23,2020-01-16,0,0,132-**-*****,2019-12-24 02:02,2020-01-17 02:05,Y,N,2019-12-24
34413312,http://www.jobkorea.co.kr/Recruit/Co_Read/C/ace2995?Oem_Code=C900&api=232,(주)에이스토지개발,부동산 기초부터 배우며 함께 일할 직원모집(신입/초보환영),,신입/경력,1년 이상,1,연봉,3000만원 ~ 4500만원,3000;4500,N,고졸,부동산개발;분양;토지;토지개발;부동산컨설팅,,잡코리아 온라인 접수; E-메일 입사지원; 우편접수; 방문접수,정규직; 계약직,7,사원급; 부장급; 팀원,안양시 동안구; 안양시 만안구; 군포시; 의왕시; 경기도 전지역; 서울특별시 전지역,2020-02-21,http://www.jobkorea.co.kr/Recruit/GI_Read/30598698?Oem_Code=C900&api=232,,2019-12-23,2020-01-16,0,0,294-**-*****,2019-12-24 02:05,2020-01-17 02:04,Y,N,2019-12-24
34413706,http://www.jobkorea.co.kr/Recruit/Co_Read/C/ehdwkra024?Oem_Code=C900&api=232,YBM sisa,[YBM교육] 영어; 수학; 중국어 방문교사 모집-광명시; 구로구; 금천구,,관계없음,,0,회사 내규에 따름,,0;0,Y,대졸(2~3년),교사;방문교사;유아교육;학습지;과외교사;영어강사;중국어강사,,잡코리아 온라인 접수; E-메일 입사지원,위촉직/개인사업자,2,사원급; 팀원,금천구; 구로구; 광명시,2020-01-22,http://www.jobkorea.co.kr/Recruit/GI_Read/30599149?Oem_Code=C900&api=232,,2019-12-23,2020-01-16,0,0,101-**-*****,2019-12-24 02:04,2020-01-17 02:02,Y,N,2019-12-24
34414825,http://www.jobkorea.co.kr/Recruit/Co_Read/C/wisehospital?Oem_Code=C900&api=232,운정와이즈병원,원무과장(팀장) 경력직원을 채용합니다,,경력,1년 이상,1,회사 내규에 따름,,0;0,Y,학력무관,병원;원무행정,,잡코리아 온라인 접수,정규직,○,과장~차장급 ,파주시     ,2020-01-31,http://www.jobkorea.co.kr/Recruit/GI_Read/30600381?Oem_Code=C900&api=232,,2019-12-23,2020-01-14,0,0,534-**-*****,2019-12-24 02:04,2020-01-17 02:00,Y,Y,2019-12-24
34415615,http://www.jobkorea.co.kr/Recruit/Co_Read/C/y2m10282?Oem_Code=C900&api=232,㈜ 브이아이피 서비스,일산) 스포츠센터 미화 파트;풀타임 직원 모집,,경력,1년 이상,1,회사 내규에 따름,,0;0,Y,고졸,스포츠센터;청소·미화,,잡코리아 온라인 접수; E-메일 입사지원; FAX 접수,정규직; 프리랜서; 아르바이트,3,팀원,고양시 일산동구; 고양시 일산서구; 고양시 덕양구; 김포시,2020-01-22,http://www.jobkorea.co.kr/Recruit/GI_Read/30601259?Oem_Code=C900&api=232,,2019-12-23,2020-01-14,0,0,206-**-*****,2019-12-24 02:04,2020-01-16 02:00,Y,Y,2019-12-24
34416239,http://www.jobkorea.co.kr/Recruit/Co_Read/C/princess1748?Oem_Code=C900&api=232,에이치알디교육지원센터,2020년도 상반기 CS교육강사 공채,,관계없음,,0,연봉,3800만원,3800;0,N,학력무관,보험영업;생명보험;고객관리;영업관리;영업지원;수퍼바이저;CS교육;QA;콜센터관리;부동산;스포츠강사;일반학원강사;전문직업강사,,잡코리아 온라인 접수,프리랜서; 위촉직/개인사업자,○,사원급; 주임~대리급; 과장~차장급; 팀원; 팀장/매니저/실장,서울특별시 전지역; 경기도 전지역; 인천광역시 전지역; 대전광역시 전지역,2020-02-20,http://www.jobkorea.co.kr/Recruit/GI_Read/30601980?Oem_Code=C900&api=232,,2019-12-23,2020-01-14,0,0,581-**-*****,2019-12-24 02:03,2020-01-17 02:00,Y,Y,2019-12-24
34416870,http://www.jobkorea.co.kr/Recruit/Co_Read/C/genesis6191?Oem_Code=C900&api=232,㈜제니시스,(주)제니시스 커피사업부 - 회로개발자 모집,,경력,2년 이상,2,회사 내규에 따름,,0;0,Y,학력무관,어셈블리;전기·전자회로;펌웨어;회로설계;PCB,,잡코리아 온라인 접수; E-메일 입사지원,정규직,1,면접 후 결정,안산시 상록구,2020-01-22,http://www.jobkorea.co.kr/Recruit/GI_Read/30602692?Oem_Code=C900&api=232,,2019-12-23,2020-01-16,0,0,134-**-*****,2019-12-24 02:03,2020-01-17 02:04,Y,N,2019-12-24
34417406,http://www.jobkorea.co.kr/Recruit/Co_Read/C/dkr2011?Oem_Code=C900&api=232,써멀마스터㈜,정규직 생산기술부 사원 모집,,신입,,0,연봉,2400만원 ~ 2400만원,2400;2400,Y,학력무관,생산직;조립;생산기술;기술지원;설치,,잡코리아 온라인 접수,정규직,○,,화성시; 경기도 전지역; 평택시; 오산시; 안산시 상록구; 안산시 단원구; 수원시 권선구; 수원시 장안구; 수원시 팔달구; 수원시 영통구; 군포시,2020-01-22,http://www.jobkorea.co.kr/Recruit/GI_Read/30603249?Oem_Code=C900&api=232,,2019-12-23,2020-01-16,5,0,123-**-*****,2019-12-24 02:03,2020-01-17 02:01,Y,N,2019-12-24
34417427,http://www.jobkorea.co.kr/Recruit/Co_Read/C/dkr2011?Oem_Code=C900&api=232,써멀마스터㈜,생산기술부 정규직 사원모집 (AS팀),,신입/경력,1년 이상,1,연봉,2400만원 ~ 2600만원,2400;2600,Y,학력무관,생산직;조립;생산기술;기술지원;설치;수리;A·S,,잡코리아 온라인 접수,정규직,○,,화성시; 경기도 전지역; 평택시; 오산시; 수원시 팔달구; 수원시 장안구; 수원시 권선구; 수원시 영통구; 안산시 상록구; 안산시 단원구; 군포시,2020-01-22,http://www.jobkorea.co.kr/Recruit/GI_Read/30603270?Oem_Code=C900&api=232,,2019-12-23,2020-01-16,0,0,123-**-*****,2019-12-24 02:03,2020-01-17 02:01,Y,N,2019-12-24
34420535,http://www.jobkorea.co.kr/Recruit/Co_Read/C/jobamoje1?Oem_Code=C900&api=232,㈜아모제,[아모제푸드]-성남시 푸드어드벤처 (조리파트) 채용,,관계없음,,0,회사 내규에 따름,,0;0,Y,학력무관,양식당;퓨전푸드;프랜차이즈;도시락·반찬;패스트푸드;식품업체;조리사;중식;한식,,잡코리아 온라인 접수,정규직,1,사원급; 팀원,송파구; 강남구; 성남시 분당구; 성남시 수정구; 성남시 중원구,2020-01-22,http://www.jobkorea.co.kr/Recruit/GI_Read/30606693?Oem_Code=C900&api=232,,2019-12-23,2020-01-16,0,0,220-**-*****,2019-12-24 02:01,2020-01-17 02:05,Y,N,2019-12-24
34423441,http://www.jobkorea.co.kr/Recruit/Co_Read/C/dkone0908?Oem_Code=C900&api=232,가보주식회사,재무회계 총무 중간관리자 채용 공고,,관계없음,,0,회사 내규에 따름,,0;0,N,대졸(2~3년),전기;전기설비;전기회로;총무;회계;자금,,잡코리아 온라인 접수,정규직,○,주임~대리급; 과장~차장급; 팀원,경기도 전지역; 군포시; 시흥시; 안산시 단원구; 안산시 상록구; 광명시; 과천시; 평택시,2020-01-23,http://www.jobkorea.co.kr/Recruit/GI_Read/30609886?Oem_Code=C900&api=232,,2019-12-24,2020-01-15,2,0,127-**-*****,2019-12-25 02:05,2020-01-17 02:00,Y,Y,2019-12-25
34424585,http://www.jobkorea.co.kr/Recruit/Co_Read/C/cjtech1903?Oem_Code=C900&api=232,씨제이테크,[월360만/3교대/기숙사/통근/근속수당/상여] 반도체 칩 생산.품질,,관계없음,,0,월급,320만원 ~ 350만원,320;350,N,학력무관,출하;반도체 칩;TEST;반도체생산;반도체장비,,잡코리아 온라인 접수,정규직,○○,사원급; 팀원,세종특별자치시 전지역; 충청남도 전지역; 대전광역시 전지역; 경기도 전지역; 인천광역시 전지역; 경상북도 전지역,2020-01-23,http://www.jobkorea.co.kr/Recruit/GI_Read/30611181?Oem_Code=C900&api=232,,2019-12-24,2020-01-16,0,0,149-**-*****,2019-12-25 02:04,2020-01-17 02:05,Y,N,2019-12-25
34427805,http://www.jobkorea.co.kr/Recruit/Co_Read/C/hy20030?Oem_Code=C900&api=232,한영상사,울릉군 산림조합 (수원 지사) 사업단 영업사원 모집,,관계없음,,0,연봉,3800만원 ~ 4500만원,3800;4500,N,고졸,브리핑영업;스케줄영업;가맹점영업;국내영업;납품영업;식품영업;일반영업;가맹점관리;거래선개발관리;거래처관리;고객관리;영업지원;고객상담;고객응대;CS;회원관리,,잡코리아 온라인 접수,정규직,○○,주임~대리급; 팀원,경기도 전지역; 수원시 권선구; 수원시 장안구; 수원시 팔달구; 수원시 영통구,2020-01-23,http://www.jobkorea.co.kr/Recruit/GI_Read/30614706?Oem_Code=C900&api=232,,2019-12-24,2020-01-16,0,0,357-**-*****,2019-12-25 02:02,2020-01-17 02:02,Y,N,2019-12-25
34427863,http://www.jobkorea.co.kr/Recruit/Co_Read/C/hangang3527?Oem_Code=C900&api=232,한강와이즈만영재교육학원,한강와이즈만에서 초등 사고력수학선생님을 모십니다.,,관계없음,,0,회사 내규에 따름,,0;0,Y,대졸(4년),교사;보습학원;입시학원;교육;수학;일반학원강사,,잡코리아 온라인 접수; E-메일 입사지원,정규직,1,사원급; 팀원,김포시     ,2020-02-22,http://www.jobkorea.co.kr/Recruit/GI_Read/30614793?Oem_Code=C900&api=232,,2019-12-24,2020-01-16,0,0,891-**-*****,2019-12-25 02:02,2020-01-17 02:01,Y,N,2019-12-25
34428497,http://www.jobkorea.co.kr/Recruit/Co_Read/C/drkkmo0417?Oem_Code=C900&api=232,다올린의원,[다올린의원]피부관리사 모집합니다,,경력,1년 이상,1,회사 내규에 따름,,0;0,Y,고졸,피부과;피부관리,,잡코리아 온라인 접수; E-메일 입사지원,정규직,○,팀원,서초구; 동작구; 관악구; 광명시; 강남구,2020-01-23,http://www.jobkorea.co.kr/Recruit/GI_Read/30615482?Oem_Code=C900&api=232,,2019-12-24,2020-01-16,0,0,806-**-*****,2019-12-25 02:00,2020-01-17 02:03,Y,N,2019-12-25
34428541,http://www.jobkorea.co.kr/Recruit/Co_Read/C/encorrection?Oem_Code=C900&api=232,주식회사 하리스코엔코렉션,사무 정규직/계약직 [사무업무/문서작업/고객상담] 모집,,관계없음,,0,회사 내규에 따름,,0;0,Y,학력무관,대학교;초중고등학교;문서작성;사무보조;워드;Excel;고객상담;고객지원;CS,,잡코리아 온라인 접수,정규직; 계약직,1,면접 후 결정,의정부시   ,2020-02-22,http://www.jobkorea.co.kr/Recruit/GI_Read/30615527?Oem_Code=C900&api=232,,2019-12-24,2020-01-16,0,0,127-**-*****,2019-12-31 02:05,2020-01-17 02:01,Y,N,2019-12-31
34428972,http://www.jobkorea.co.kr/Recruit/Co_Read/C/hlinvest07?Oem_Code=C900&api=232,에이치엘인베스트먼트,광고AM / 바이럴마케팅 채용,,경력,3년 이상,3,연봉,3000만원 ~ 6000만원,3000;6000,Y,학력무관,금융;부동산투자;자산관리사;투자상담;투자자문;마케팅;마케팅기획;바이럴마케팅;소셜미디어;키워드광고;광고관리;언론홍보;홍보기획;SNS운영;소셜마케팅;온라인마케팅;웹광고기획,,잡코리아 온라인 접수,정규직,○,과장~차장급; 면접 후 결정,영등포구; 관악구; 구로구; 서울특별시 전지역; 인천광역시 전지역; 경기도 전지역,2020-01-23,http://www.jobkorea.co.kr/Recruit/GI_Read/30616007?Oem_Code=C900&api=232,,2019-12-24,2020-01-15,0,0,347-**-*****,2019-12-25 02:00,2020-01-17 02:00,Y,Y,2019-12-25
34432582,http://www.jobkorea.co.kr/Recruit/Co_Read/C/house120?Oem_Code=C900&api=232,장원교육,2019년 장원교육 파주시 일산 경기북부 한자;중국어교사모집(1일 관리가능),,관계없음,,0,연봉,2000만원 ~ 2200만원,2000;2200,Y,대졸(2~3년),교사;과외교사;방문교사;학습지교사,,잡코리아 온라인 접수,정규직; 계약직; 아르바이트,1,팀원,파주시     ,2020-02-01,http://www.jobkorea.co.kr/Recruit/GI_Read/30620156?Oem_Code=C900&api=232,,2019-12-25,2020-01-15,0,0,502-**-*****,2019-12-26 02:00,2020-01-17 02:10,Y,N,2019-12-26
34432585,http://www.jobkorea.co.kr/Recruit/Co_Read/C/house120?Oem_Code=C900&api=232,장원교육,2019년 하반기 장원교육 김포;서구;검단 한국사;한자교사모집(1일관리가능),,관계없음,,0,회사 내규에 따름,,0;0,N,대졸(2~3년),교사;과외교사;방문교사;학습지교사,,잡코리아 온라인 접수,정규직; 계약직; 아르바이트,1,팀원,김포시; 중구,2020-02-01,http://www.jobkorea.co.kr/Recruit/GI_Read/30620159?Oem_Code=C900&api=232,,2019-12-25,2020-01-15,0,0,502-**-*****,2019-12-26 02:00,2020-01-17 02:10,Y,N,2019-12-26
34432594,http://www.jobkorea.co.kr/Recruit/Co_Read/C/house120?Oem_Code=C900&api=232,장원교육,2019년 하반기 장원교육 경기 부천시 한자;한국사;중국어 교사모집(1일근무가능),,관계없음,,0,연봉,157만원 ~ 300만원,157;300,Y,대졸(2~3년),교사;학습지교사,,잡코리아 온라인 접수; E-메일 입사지원; 우편접수; 방문접수; FAX 접수,정규직; 계약직; 아르바이트,○,사원급; 팀원,,2020-02-01,http://www.jobkorea.co.kr/Recruit/GI_Read/30620168?Oem_Code=C900&api=232,,2019-12-25,2020-01-15,0,0,502-**-*****,2019-12-26 02:00,2020-01-17 02:10,Y,N,2019-12-26
34433978,http://www.jobkorea.co.kr/Recruit/Co_Read/C/nexus?Oem_Code=C900&api=232,㈜넥서스 와이드,[ 장기 ] JAVA Xplatform neXacro 공통또는 개발,,경력,4년 이상,4,회사 내규에 따름,,0;0,Y,학력무관,공통;넥사크로;nexacro;Websquare;xPlatform;ERP;SI;웹프로그래머;Java;jsp;MiPlatform;SQL,,잡코리아 온라인 접수; E-메일 입사지원,정규직; 계약직; 프리랜서,○,주임~대리급; 과장~차장급; 부장급; 팀원; 팀장/매니저/실장,서울특별시 전지역; 경기도 전지역,2020-01-25,http://www.jobkorea.co.kr/Recruit/GI_Read/30621913?Oem_Code=C900&api=232,,2019-12-26,2020-01-15,0,0,108-**-*****,2019-12-28 02:05,2020-01-17 02:00,Y,Y,2019-12-28
34434177,http://www.jobkorea.co.kr/Recruit/Co_Read/C/bicns3?Oem_Code=C900&api=232,비아이씨엔에스,판교 대기업 인사시스템 운영 JAVA 경력자분들을 모십니다.,,경력,6년 이상,6,회사 내규에 따름,,0;0,Y,학력무관,vue.js;소프트웨어개발;SI;SM;Java;jsp;MySQL,,잡코리아 온라인 접수; E-메일 입사지원,계약직; 프리랜서,1,,성남시 분당구,2020-01-24,http://www.jobkorea.co.kr/Recruit/GI_Read/30622128?Oem_Code=C900&api=232,,2019-12-26,2020-01-16,0,0,211-**-*****,2019-12-28 02:05,2020-01-17 02:05,Y,N,2019-12-28
34434581,http://www.jobkorea.co.kr/Recruit/Co_Read/C/doore5075?Oem_Code=C900&api=232,㈜두레,전장배선; 현장관리 및 작업자(신입 모집),,신입/경력,1년 이상,1,회사 내규에 따름,,0;0,Y,고졸,자동제어;전장;전기제어;배선,,잡코리아 온라인 접수; E-메일 입사지원,정규직,○,사원급; 주임~대리급; 팀원,화성시; 평택시; 아산시,2020-01-25,http://www.jobkorea.co.kr/Recruit/GI_Read/30622577?Oem_Code=C900&api=232,,2019-12-26,2020-01-16,0,0,124-**-*****,2019-12-28 02:05,2020-01-17 02:05,Y,N,2019-12-28
34436636,http://www.jobkorea.co.kr/Recruit/Co_Read/C/rocautosystem?Oem_Code=C900&api=232,알오씨오토시스템,연구소 연구개발(신규) 인력 모집,,관계없음,,0,회사 내규에 따름,,0;0,N,대졸(2~3년),자동차;자동차부품;기술연구소;생산기술;연구관리;연구원,,잡코리아 온라인 접수,정규직,○,사원급; 주임~대리급; 팀원,수원시 권선구,2020-01-25,http://www.jobkorea.co.kr/Recruit/GI_Read/30624753?Oem_Code=C900&api=232,,2019-12-26,2020-01-16,0,0,730-**-*****,2019-12-28 02:06,2020-01-17 02:04,Y,N,2019-12-28
34436965,http://www.jobkorea.co.kr/Recruit/Co_Read/C/wmelish?Oem_Code=C900&api=232,㈜워터멜론컴패니,[2020년도 영어교사모집] 경기도 김포시소재 유치원 영어 파견교사 모집,,경력,3년 이상,3,시급,35000원,35000;0,N,대졸(2~3년),유치원교사;영어;영어강사,,잡코리아 온라인 접수,프리랜서,○,,김포시     ,2020-01-25,http://www.jobkorea.co.kr/Recruit/GI_Read/30625102?Oem_Code=C900&api=232,,2019-12-26,2020-01-15,0,0,114-**-*****,2019-12-28 02:09,2020-01-17 02:00,Y,Y,2019-12-28
34436975,http://www.jobkorea.co.kr/Recruit/Co_Read/C/wmelish?Oem_Code=C900&api=232,㈜워터멜론컴패니,[2020년도 영어교사모집] 경기도 일산 전지역 소재 어린이집 영어 파견교사 모집,,경력,3년 이상,3,시급,35000원,35000;0,N,대졸(2~3년),유치원교사;영어;영어강사,,잡코리아 온라인 접수,프리랜서,○○,,고양시 덕양구; 고양시 일산동구; 고양시 일산서구,2020-01-25,http://www.jobkorea.co.kr/Recruit/GI_Read/30625113?Oem_Code=C900&api=232,,2019-12-26,2020-01-15,0,0,114-**-*****,2019-12-28 02:09,2020-01-17 02:00,Y,Y,2019-12-28
34439203,http://www.jobkorea.co.kr/Recruit/Co_Read/C/diamond892?Oem_Code=C900&api=232,다이아몬드 비치,회사와 같이 성장 할 인재 모집,,관계없음,,0,회사 내규에 따름,,0;0,Y,학력무관,광고기획;광고대행;온라인광고;마케팅;바이럴마케팅;브랜딩;업무제휴;키워드광고;검색광고;광고영업;온라인광고영업;고객상담;고객응대;인바운드TM,,잡코리아 온라인 접수,정규직; 계약직; 위촉직/개인사업자,○○,사원급; 주임~대리급; 팀원,구리시     ,2020-01-17,http://www.jobkorea.co.kr/Recruit/GI_Read/30627602?Oem_Code=C900&api=232,,2019-12-26,2020-01-15,0,0,136-**-*****,2019-12-28 02:05,2020-01-17 02:00,Y,Y,2019-12-28
34444514,http://www.jobkorea.co.kr/Recruit/Co_Read/C/wt7408?Oem_Code=C900&api=232,㈜위트림,의류부자자재 관련 영업 & 입출고관리 & 자재관리사원 모집,,관계없음,,0,연봉,2600만원 ~ 2800만원,2600;2800,Y,대졸(2~3년),해외영업;상품입출고;자재관리;거래처관리;영업관리;의류,,잡코리아 온라인 접수,정규직,1,사원급     ,고양시 덕양구,2020-01-26,http://www.jobkorea.co.kr/Recruit/GI_Read/30633398?Oem_Code=C900&api=232,,2019-12-27,2020-01-13,0,0,105-**-*****,2019-12-28 02:05,2020-01-16 02:00,Y,Y,2019-12-28
34445333,http://www.jobkorea.co.kr/Recruit/Co_Read/C/jang543?Oem_Code=C900&api=232,에듀비젼㈜ 안산SLP영어학당,서강대학교 안산 SLP 각 부문 채용,,신입/경력,1년 이상,1,회사 내규에 따름,,0;0,Y,학력무관,어린이집;유아원;유아원교사;유치원교사;기능학원;보습학원;어학원;영어학원;유학원;회원모집상담;e러닝;문서작성;사무보조;Excel;PowerPoint;고객관리;영업관리;영업지원;서비스홍보;홍보상담;회원관리;놀이방교사;보육교사;어린이집교사;전임강사;교육상담;수강생관리;안내상담;프로그램상담;학원운영;회원유치;기타외국어;영어강사;일반학원강사;원어민강사;교육기획;교육진행;교육행정;교육프로그램,,잡코리아 온라인 접수,정규직; 프리랜서,○,사원급; 팀원,안산시 상록구; 안산시 단원구; 시흥시; 군포시; 오산시; 의왕시; 수원시 권선구; 수원시 장안구; 수원시 팔달구; 수원시 영통구; 과천시; 부평구; 동작구; 경기도 전지역,2020-01-31,http://www.jobkorea.co.kr/Recruit/GI_Read/30634288?Oem_Code=C900&api=232,,2019-12-27,2020-01-15,0,0,134-**-*****,2019-12-28 02:04,2020-01-17 02:07,Y,N,2019-12-28
34445835,http://www.jobkorea.co.kr/Recruit/Co_Read/C/byszsz?Oem_Code=C900&api=232,아쥬반코리아㈜,아쥬반코리아 영업부 정규직 채용,,신입,,0,회사 내규에 따름,,0;0,Y,대졸(2~3년),화장품;거래선개발관리;거래처관리;영업관리;영업지원;미용강사,,잡코리아 온라인 접수,정규직,0,사원급     ,평택시; 화성시; 안성시; 경기도 전지역; 오산시,2020-01-26,http://www.jobkorea.co.kr/Recruit/GI_Read/30634829?Oem_Code=C900&api=232,,2019-12-27,2020-01-15,0,0,125-**-*****,2019-12-28 02:04,2020-01-17 02:09,Y,N,2019-12-28
34446729,http://www.jobkorea.co.kr/Recruit/Co_Read/C/490dream?Oem_Code=C900&api=232,태건자산관리,[태건 공인중개사] 계약서관리 및 임차인관리 신입/경력,,신입/경력,1년 이상,1,회사 내규에 따름,,0;0,Y,대졸(2~3년),부동산개발;부동산관리;부동산서비스;부동산중개;공인중개사;부동산시행;주택관리사,,잡코리아 온라인 접수; E-메일 입사지원,정규직,○○,,오산시; 강남구; 안양시 만안구,2020-02-25,http://www.jobkorea.co.kr/Recruit/GI_Read/30635888?Oem_Code=C900&api=232,,2019-12-27,2020-01-16,0,0,525-**-*****,2019-12-28 02:03,2020-01-17 02:02,Y,N,2019-12-28
34446782,http://www.jobkorea.co.kr/Recruit/Co_Read/C/490dream?Oem_Code=C900&api=232,태건자산관리,[오산;안양;서초;역삼] 임대관리 / 중개업관리 파트 신입 및 경력직 모집,,신입/경력,1년 이상,1,회사 내규에 따름,,0;0,N,대졸(2~3년),부동산개발;부동산관리;부동산서비스;부동산중개;공인중개사;부동산컨설팅;주택관리사,,잡코리아 온라인 접수; E-메일 입사지원,정규직,○○,,강남구; 안양시 만안구; 오산시,2020-02-25,http://www.jobkorea.co.kr/Recruit/GI_Read/30635948?Oem_Code=C900&api=232,,2019-12-27,2020-01-16,0,0,525-**-*****,2019-12-28 02:03,2020-01-17 02:02,Y,N,2019-12-28
34446959,http://www.jobkorea.co.kr/Recruit/Co_Read/C/49000dream?Oem_Code=C900&api=232,태건종합건설,[강남대로 신축현장]  건축직 및 안전직 (신입/경력)모집,,신입/경력,3년 이상,3,회사 내규에 따름,,0;0,N,대졸(4년),건축;건축기사;건축시공;공무;산업안전;실내건축;인테리어;건설현장;현장관리;현장소장;건설안전,,잡코리아 온라인 접수,정규직,○,사원급; 주임~대리급; 과장~차장급,강남구; 안양시 만안구; 오산시,2020-02-25,http://www.jobkorea.co.kr/Recruit/GI_Read/30636140?Oem_Code=C900&api=232,,2019-12-27,2020-01-16,0,0,335-**-*****,2019-12-28 02:03,2020-01-17 02:01,Y,N,2019-12-28
34446996,http://www.jobkorea.co.kr/Recruit/Co_Read/C/49000dream?Oem_Code=C900&api=232,태건종합건설,법인부동산 임대 및 마케팅담당 신입/경력,,신입/경력,1년 이상,1,회사 내규에 따름,,0;0,N,대졸(2~3년),건축;건축기사;건축시공;공무;산업안전;공인중개사;부동산;부동산개발;임대·임대컨설팅;주택관리사,,잡코리아 온라인 접수,정규직,○○,,강남구; 안양시 만안구; 오산시,2020-02-25,http://www.jobkorea.co.kr/Recruit/GI_Read/30636178?Oem_Code=C900&api=232,,2019-12-27,2020-01-16,0,0,335-**-*****,2019-12-28 02:03,2020-01-17 02:02,Y,N,2019-12-28
34448073,http://www.jobkorea.co.kr/Recruit/Co_Read/C/del7749?Oem_Code=C900&api=232,루비의원,미아역 10M 피부관리사; 피부관리 아르바이트 모십니다.,,관계없음,,0,회사 내규에 따름,,0;0,Y,고졸,비뇨기과;피부과;피부관리,,잡코리아 온라인 접수; E-메일 입사지원,정규직; 아르바이트,2,,강북구; 도봉구; 노원구; 의정부시; 포천시; 남양주시,2020-01-26,http://www.jobkorea.co.kr/Recruit/GI_Read/30637423?Oem_Code=C900&api=232,,2019-12-27,2020-01-16,0,0,404-**-*****,2019-12-28 02:03,2020-01-17 02:04,Y,N,2019-12-28
34449189,http://www.jobkorea.co.kr/Recruit/Co_Read/C/withloan1?Oem_Code=C900&api=232,㈜위드론대부중개,2차 상담사  신규채용  (카드사 보험사 TM경력자 우대),,관계없음,,0,연봉,300만원 ~ 1000만원,300;1000,N,학력무관,여신;저축은행;종합금융;캐피탈;텔러;개인고객영업;금융영업;여신상담;고객상담;고객응대;고객지원;인바운드TM;콜센터;고객관리;대출상담,,잡코리아 온라인 접수,계약직; 프리랜서,4,,송파구; 강남구; 강동구; 광진구; 성남시 수정구; 하남시,2020-01-26,http://www.jobkorea.co.kr/Recruit/GI_Read/30638668?Oem_Code=C900&api=232,,2019-12-27,2020-01-14,0,0,230-**-*****,2019-12-28 02:02,2020-01-16 02:00,Y,Y,2019-12-28
34450763,http://www.jobkorea.co.kr/Recruit/Co_Read/C/narae5988?Oem_Code=C900&api=232,㈜나래기업,[상여250/3조3교대/근속수당/월360] 반도체 칩 생산. 품질,,관계없음,,0,월급,320만원 ~ 350만원,320;350,N,학력무관,3교대;기숙사;상여금;상품입출고;재고관리;테스터;품질검사;반도체,,잡코리아 온라인 접수,정규직,○,사원급; 팀원,천안시 서북구; 경기도 전지역; 천안시 동남구; 아산시; 대전광역시 전지역; 충청북도 전지역,2020-01-23,http://www.jobkorea.co.kr/Recruit/GI_Read/30640392?Oem_Code=C900&api=232,,2019-12-27,2020-01-16,0,0,577-**-*****,2019-12-28 02:01,2020-01-17 02:05,Y,N,2019-12-28
34456313,http://www.jobkorea.co.kr/Recruit/Co_Read/C/jobamoje?Oem_Code=C900&api=232,아모제푸드㈜,김포 마리나베이호텔 (조리/서비스) 정규직 채용,,경력,1년 이상,1,회사 내규에 따름,,0;0,Y,학력무관,조리;식품;음식료;프랜차이즈;계산원;매장관리;매장시설관리;식품판매;진열관리;고객관리;회원관리;양식;조리사;캡틴;한식;서빙,,잡코리아 온라인 접수,정규직,○,사원급; 팀원,김포시; 강서구; 고양시 일산서구; 고양시 일산동구; 고양시 덕양구,2020-01-28,http://www.jobkorea.co.kr/Recruit/GI_Read/30646830?Oem_Code=C900&api=232,,2019-12-29,2020-01-16,0,0,220-**-*****,2019-12-30 02:00,2020-01-17 02:05,Y,N,2019-12-30
34459155,http://www.jobkorea.co.kr/Recruit/Co_Read/C/ckddnjs5544?Oem_Code=C900&api=232,창원건설,임원비서/ 안내데스크 정규직 특별채용 (주5일; 중식제공; 월200이상 ),,관계없음,,0,연봉,2500만원 ~ 2800만원,2500;2800,Y,대졸(2~3년),부동산개발;부동산관리;문서관리;문서수발;사무관리;사무행정;총무;비서;안내;안내데스크;인포메이션;임원비서;문서작성;사무보조;전산입력,,잡코리아 온라인 접수,정규직,○,사원급; 팀원; 팀장/매니저/실장,광진구; 의정부시; 강남구; 노원구; 동대문구; 서울특별시 전지역,2020-01-17,http://www.jobkorea.co.kr/Recruit/GI_Read/30650067?Oem_Code=C900&api=232,,2019-12-30,2020-01-15,0,0,340-**-*****,2019-12-31 02:04,2020-01-17 02:00,Y,Y,2019-12-31
34459737,http://www.jobkorea.co.kr/Recruit/Co_Read/C/bundangpp?Oem_Code=C900&api=232,쁨클리닉의원,[쁨클리닉 분당점] 간호조무사 구합니다.,,관계없음,,0,회사 내규에 따름,,0;0,Y,학력무관,병원;간호조무사,,잡코리아 온라인 접수; E-메일 입사지원,정규직,1,사원급     ,성남시 분당구,2020-01-29,http://www.jobkorea.co.kr/Recruit/GI_Read/30650704?Oem_Code=C900&api=232,,2019-12-30,2020-01-16,0,0,307-**-*****,2019-12-31 02:01,2020-01-17 02:01,Y,N,2019-12-31
34460621,http://www.jobkorea.co.kr/Recruit/Co_Read/C/gksdudtksdjq123?Oem_Code=C900&api=232,한영산업,[아산;당진] 자동차부품 남여 생산사원 모집(상여300),,관계없음,,0,연봉,3800만원 ~ 4200만원,3800;4200,N,학력무관,금속;품질검사;기계;생산직;제조;조립;포장,,잡코리아 온라인 접수,정규직,○○,사원급; 팀원,당진시; 구미시; 평택시; 안성시; 아산시; 제천시,2020-01-29,http://www.jobkorea.co.kr/Recruit/GI_Read/30651681?Oem_Code=C900&api=232,,2019-12-30,2020-01-16,0,0,781-**-*****,2019-12-31 02:04,2020-01-17 02:04,Y,N,2019-12-31
34461029,http://www.jobkorea.co.kr/Recruit/Co_Read/C/jyws222?Oem_Code=C900&api=232,제이와이테크널러지,교육영업 직원 모집합니다.(DB영업/스케줄영업/기본급-인센-특별수당),,신입/경력,1년 이상,1,연봉,3600만원 ~ 5400만원,3600;5400,N,대졸(2~3년),교사;방문교사;회원모집상담;일반영업;고객관리;영업관리;영업기획;영업지원;교육상담;수강생관리;프로그램상담;회원관리;회원유치,,잡코리아 온라인 접수; E-메일 입사지원,정규직,2,사원급; 주임~대리급; 팀원,금천구; 구로구; 서울특별시 전지역; 경기도 전지역; 인천광역시 전지역,2020-01-29,http://www.jobkorea.co.kr/Recruit/GI_Read/30652135?Oem_Code=C900&api=232,,2019-12-30,2020-01-16,0,0,119-**-*****,2019-12-31 02:01,2020-01-17 02:02,Y,N,2019-12-31
34461306,http://www.jobkorea.co.kr/Recruit/Co_Read/C/zzogzzog1?Oem_Code=C900&api=232,㈜필아트에듀,아동미술전문 필아트 에듀에서 실기능력좋은 알바님 모집..,,관계없음,,0,회사 내규에 따름,,0;0,Y,대졸(2~3년),미술;예체능학원;학원강사;교육기획;교재컨텐츠개발;교육프로그램,,잡코리아 온라인 접수,아르바이트,○,,의정부시   ,2020-01-29,http://www.jobkorea.co.kr/Recruit/GI_Read/30652441?Oem_Code=C900&api=232,,2019-12-30,2020-01-14,0,0,245-**-*****,2019-12-31 02:01,2020-01-16 02:00,Y,Y,2019-12-31
34462486,http://www.jobkorea.co.kr/Recruit/Co_Read/C/hs6014?Oem_Code=C900&api=232,정호로지스,1톤 냉동탑차 배송직 모집 거주지배차,,관계없음,,0,월급,400만원 ~ 500만원,400;500,N,학력무관,물류;배송;운송;육상운송;택배;납품;퀵서비스;화물차운전;운전기사,,잡코리아 온라인 접수,정규직; 계약직; 위촉직/개인사업자,3,,서울특별시 전지역; 인천광역시 전지역; 경기도 전지역; 대전광역시 전지역; 울산광역시 전지역; 성북구,2020-01-29,http://www.jobkorea.co.kr/Recruit/GI_Read/30653806?Oem_Code=C900&api=232,,2019-12-30,2020-01-16,0,0,594-**-*****,2019-12-31 02:02,2020-01-17 02:03,Y,N,2019-12-31
34462916,http://www.jobkorea.co.kr/Recruit/Co_Read/C/ks01339?Oem_Code=C900&api=232,㈜캘스아이엔씨,[초보/신입가능][월급150만원-500만원] 부동산 컨설턴트 및 자산관리 모집,,신입/경력,1년 이상,1,연봉,3500만원 ~ 30000만원,3500;30000,N,학력무관,공인중개사;부동산개발;부동산중개;부동산컨설팅;분양;국내영업;법인영업;일반영업;부동산영업;고객상담;고객응대;고객지원;부동산경매;분양대행;분양상담사,,잡코리아 온라인 접수; E-메일 입사지원,정규직; 계약직,○,,화성시; 수원시 권선구; 과천시; 평택시; 시흥시; 오산시; 의왕시; 광명시; 용인시 수지구; 안양시 동안구; 안산시 단원구; 금천구; 구로구; 강남구; 천안시 동남구,2020-01-29,http://www.jobkorea.co.kr/Recruit/GI_Read/30654297?Oem_Code=C900&api=232,,2019-12-30,2020-01-14,0,0,270-**-*****,2019-12-31 02:01,2020-01-16 02:00,Y,Y,2019-12-31
34462967,http://www.jobkorea.co.kr/Recruit/Co_Read/C/badygard1024?Oem_Code=C900&api=232,주)동화세상에듀코,종로/동대문 바이럴; SNS 마케팅 배우며 함께 업무하실 분 모십니다. (초보/주부가능),,신입/경력,1년 이상,1,회사 내규에 따름,,0;0,N,학력무관,유아교육;회원모집상담;광고기획;마케팅;마케팅기획;바이럴마케팅;키워드광고;고객상담;고객응대;고객지원;고객관리;단순홍보;서비스홍보;제품홍보;회원관리;소셜마케팅;온라인마케팅;웹마케팅;교육상담;수강생관리;안내상담;프로그램상담,,잡코리아 온라인 접수,위촉직/개인사업자,8,사원급     ,경기도 전지역; 고양시 덕양구; 고양시 일산동구; 고양시 일산서구; 의정부시; 이천시; 강남구; 강북구; 도봉구; 동대문구; 서대문구; 성북구; 영등포구; 종로구; 인천광역시 전지역,2020-01-29,http://www.jobkorea.co.kr/Recruit/GI_Read/30654351?Oem_Code=C900&api=232,,2019-12-30,2020-01-16,0,0,201-**-*****,2019-12-31 02:02,2020-01-17 02:06,Y,N,2019-12-31
34463178,http://www.jobkorea.co.kr/Recruit/Co_Read/C/mielle0611?Oem_Code=C900&api=232,미엘르의원,미엘르부평)피부관리사 1명; 간호조무사 1명 구인,,경력,1년 이상,1,회사 내규에 따름,,0;0,Y,고졸,성형외과;피부과;피부관리;간호조무사,,E-메일 입사지원,정규직,2,,경기도 전지역; 부평구,2020-02-28,http://www.jobkorea.co.kr/Recruit/GI_Read/30654567?Oem_Code=C900&api=232,,2019-12-30,2020-01-16,0,0,122-**-*****,2019-12-31 02:02,2020-01-17 02:00,Y,N,2019-12-31
34463980,http://www.jobkorea.co.kr/Recruit/Co_Read/C/twosun9535?Oem_Code=C900&api=232,투썬월드,프론트엔드 개발(초급이상) & 퍼블리싱 파트(중급이상),,신입/경력,1년 이상,1,회사 내규에 따름,,0;0,Y,학력무관,CSS;HTML;JavaScript;vue.js;Bootstrap4;소셜네트워크서비스(SNS);커뮤니티;컨텐츠;포털;웹접근성;웹표준,,잡코리아 온라인 접수,정규직,○,사원급     ,성남시 분당구,2020-01-25,http://www.jobkorea.co.kr/Recruit/GI_Read/30655466?Oem_Code=C900&api=232,,2019-12-30,2020-01-16,0,0,110-**-*****,2019-12-31 02:02,2020-01-17 02:04,Y,N,2019-12-31
34464001,http://www.jobkorea.co.kr/Recruit/Co_Read/C/kidsschool1?Oem_Code=C900&api=232,키즈스쿨,유아 직업체험 특기교사 모집,,관계없음,,0,회사 내규에 따름,,0;0,N,대졸(2~3년),어린이집;유치원교사;어린이집교사,,잡코리아 온라인 접수,정규직,○,,수원시 권선구; 수원시 장안구; 수원시 팔달구; 수원시 영통구,2020-01-29,http://www.jobkorea.co.kr/Recruit/GI_Read/30655487?Oem_Code=C900&api=232,,2019-12-30,2020-01-15,0,0,124-**-*****,2019-12-31 02:02,2020-01-17 02:09,Y,N,2019-12-31
34466027,http://www.jobkorea.co.kr/Recruit/Co_Read/C/byszsz?Oem_Code=C900&api=232,아쥬반코리아㈜,아쥬반 뷰티교육부 및 영업부 정규직 채용,,신입/경력,1년 이상,1,회사 내규에 따름,,0;0,Y,학력무관,화장품;거래선개발관리;거래처관리;대리점관리;영업관리;영업지원;미용강사,,잡코리아 온라인 접수,정규직,0,사원급     ,평택시; 안성시; 오산시; 경기도 전지역; 화성시,2020-02-28,http://www.jobkorea.co.kr/Recruit/GI_Read/30657656?Oem_Code=C900&api=232,,2019-12-30,2020-01-15,0,0,125-**-*****,2019-12-31 02:01,2020-01-17 02:09,Y,N,2019-12-31
